1.66274548,-0.58094144,0.11141586
1.94238472,-1.53311872,0.020154
3.43305898,-3.51303673,0.29100657
1.59329891,-1.93486404,0.28861666
0.7271533,-1.27715588,-0.48241377
-0.59431267,-0.20572996,-0.73074293
-1.8219018,-0.10217094,-0.76980114
-2.10889912,0.21319175,-0.57318449
-1.22472429,-0.48094416,-0.33434677
-0.45843887,-0.59587431,0.05038738
-0.56578588,-0.26013899,-0.05453777
-0.86078024,0.16409779,-0.10090637
0.29477882,0.01465273,-1.11464262
0.24903488,0.2074244,0.26259041
0.48825359,-0.34956264,-0.3173461
0.40413332,0.42616034,0.38141537
-0.28938341,0.61232233,0.56967068
-0.46971369,0.39348984,1.44165897
-0.44958019,0.04428577,-0.35685682
-0.37344551,-0.21892405,0.70898199
-0.74761438,-0.19225883,0.19056988
-0.16310692,0.39389396,-0.2531848
-0.60911608,-0.3434186,1.21489429
-0.4934206,0.32396412,1.14990854
0.45566559,0.43352532,1.50990248
-0.00360203,-0.16981268,0.85996437
-0.0508256,-0.18819308,1.10869884
0.12943506,0.05282879,0.71341276
-0.09300423,0.17601275,0.9185276
-0.06492949,-0.11501479,0.62012053
-0.27380943,0.41569042,0.65984583
0.10058689,0.38101411,0.62930202
0.0122776,0.28964138,0.26872969
-0.35368347,-0.1852138,0.20774078
-0.05120564,0.33902478,0.28945112
0.03724384,0.01093364,0.15087938
-0.03568029,0.4454124,0.3517046
-0.02958345,0.45013094,0.38085175
-0.13573456,0.58055282,0.42543077
0.16207075,0.54801464,0.3173666
-0.00767136,0.16124892,0.26618576
-0.01436853,-0.03870916,0.24754858
0.02364922,-0.0253861,0.1331048
-0.1263113,-0.09745145,0.10873318
-0.08776236,0.02477694,0.27320766
-0.05745602,0.02597022,0.15915012
-0.07673454,0.33147502,0.24463224
-0.01356363,0.24919415,0.18329048
-0.20270443,0.07213974,-0.01113605
-0.14487267,-0.09353614,-0.00627851
-0.08216858,-0.25752473,-0.03723526
-0.07438374,-0.00888276,0.02726269
-0.01622486,0.18041801,0.09507847
-0.03530884,0.2449913,0.11611748
0.15148067,0.57842684,0.26078463
0.37926817,0.69483352,0.46177578
0.24858284,0.6429677,0.34455585
0.19795132,0.637465,0.38598728
0.25212288,0.35983825,0.30672932
0.39587784,0.3162384,0.38936138
0.47758865,0.28549457,0.51955748
-0.00585413,-0.11187315,0.18381977
-0.10748053,-0.20668578,0.02887058
-0.21454811,-0.15075898,-0.00564957
-0.10413074,-0.16402555,0.14261198
-0.12905359,-0.1016705,0.16700125
-0.0727849,-0.18497682,0.00099611
-0.12821913,-0.06185842,0.15587902
-0.22457743,-0.17819047,0.12572432
-0.17649889,0.04903293,-0.16352272
0.08525515,0.22140908,0.04439259
-0.16571999,0.03170228,-0.05424118
-0.26079607,0.15684319,0.03172874
-0.17311239,-0.08275366,0.04236555
-0.02351284,0.0234499,0.11382151
-0.03444147,-0.11144042,0.10256004
-0.00541592,-0.20498943,0.16188383
-0.19111156,-0.1478467,-0.04708433
-0.09193468,-0.18845677,0.0923171
0.01839542,-0.11078072,-0.00296879
-0.15179443,-0.133991,0.00146818
-0.21222544,-0.32518291,-0.15492964
-0.14707994,-0.09548712,0.07568502
-0.29999542,-0.28806448,-0.03764725
-0.08794308,-0.2145772,0.01493025
-0.06619835,-0.25707006,-0.09728813
0.23533678,-0.25298357,0.00884247
0.15990782,-0.17357826,0.14060402
-0.06715155,-0.12262535,-0.00418663
-0.02037191,-0.17394543,-0.0483861
0.04343653,-0.00890207,0.0543623
-0.02986288,-0.24265003,-0.11904478
-0.1159296,-0.43791914,-0.07928371
-0.04177952,-0.32210732,-0.04993296
-0.08812714,0.00603628,0.05549479
-0.0347476,0.12479258,-0.07038975
0.08203459,0.16077042,0.10070181
-0.06312084,0.06947088,-0.10063744
0.25244188,0.13893509,0.09857655
0.21003437,0.0434742,0.14553404
-0.1151309,-0.24651861,-0.09390688
-0.01532507,-0.04022646,0.16274929
-0.03744364,-0.21974373,0.2578826
-0.07325554,-0.16010427,0.01780796
-0.36341619,-0.0287323,-0.11280346
0.00417709,-0.10721111,0.03848791
-0.09532309,0.10886002,0.10233355
-0.11434889,0.08076,0.13803864
0.07181263,0.01777172,-0.31430721
-0.12400436,-0.44270658,-0.17948675
0.06680632,-0.73605776,-0.28258514
-0.12512827,-0.08909225,-0.09103441
-0.0434866,-0.38044024,0.05842495
-0.25644827,0.07117987,0.03538132
-0.07970381,0.65982795,0.04733229
-0.07112169,1.12117195,0.63847589
0.15060282,0.46080184,0.60189533
-0.0453124,-0.09776974,-0.07918358
-0.20054626,-0.30263996,0.11288691
0.00768232,-0.24793243,0.06797266
0.40610266,-0.27881908,0.29020834
0.05788088,0.00087452,0.33394718
0.13459444,-0.18787289,0.11945248
0.76125193,1.12687206,-0.43823338
0.56836796,-0.05667019,0.63849163
0.01790667,0.24926376,1.45146322
0.14867926,0.04067516,1.5710206
-0.08835077,-0.17338753,1.37063837
0.03917456,0.2094903,1.04132271
0.32673597,-0.36919689,1.93365049
0.23488998,-0.96842337,1.96297979
-1.56187677,-2.59700966,0.84470463
0.59247875,-6.60278273,1.46774864
-0.36171627,0.11379242,5.92605877
-1.03819466,-2.71462536,4.8191247
-0.04052687,-0.39070129,5.64967012
-2.66480684,2.5089407,7.5145545
-1.87564945,0.5285697,8.44563675
-1.15822744,-2.66254759,7.76196814
-0.12913752,-0.85839939,7.27697945
-8.51502705,-2.44485331,20.65619469
-18.8843689,-2.23449183,16.78860092
-16.64331436,2.2185514,18.7077198
-10.84814072,6.6320343,25.45597076
-5.42842865,13.52146912,19.26948547
-6.83521843,19.41765213,12.1469059
-16.45603561,23.88521957,13.19396973
-25.99980545,14.37502289,13.18592262
-29.31423378,4.59006405,17.69250298
-28.04441452,1.15887713,19.17677879
-24.0615387,4.53923082,14.0489378
-20.98125839,8.54437637,7.45386505
-19.93638992,5.91138554,1.27024841
-19.80504036,2.34505558,-3.18090177
-14.19543457,-1.53829837,-7.80837345
-9.06633472,-5.34046936,-12.68688965
-11.02322388,-9.79290581,-14.84617233
-16.49650955,-14.17860603,-15.18895626
-21.45450211,-15.92486763,-14.60760784
-21.66791153,-14.16977692,-13.94137383
-18.06816292,-12.39143753,-13.16842651
-14.9688921,-12.19119835,-11.93507671
-11.20132542,-13.87268925,-9.84733582
-8.3589983,-15.70079041,-6.72604322
-9.08965302,-17.2090168,-4.13914871
-10.65945244,-16.00847244,1.13815391
-13.87755775,-12.15045547,3.9598527
-16.7062912,-10.32034206,6.57181263
-17.81819916,-14.24626732,6.68009043
-23.50416756,-14.51935387,7.96900511
-29.14347267,-13.96684361,8.42225075
-30.22179031,-14.07719707,7.34042263
-35.03829193,-16.6306572,7.36108971
-36.27271652,-18.40254211,7.03898621
-38.3922348,-18.37100792,7.65456867
-39.93410492,-15.56861782,10.64566898
-46.14507294,-0.8745451,18.65307617
-55.98721313,13.26401806,24.67664146
-60.3850441,21.64302444,30.27061653
-68.62080383,29.37713623,32.62912369
-77.97264862,33.82105637,30.93105888
-78.42305756,35.72383881,22.797369
-78.82814789,31.6650238,18.53344345
-79.15553284,30.48273849,13.9972353
-79.41095734,24.80664444,3.1882813
-79.59946442,27.73518753,-7.68851566
-79.19108582,32.97136688,-33.04959488
-50.7520256,-7.60371876,-78.07684326
-69.75062561,4.46942425,-78.15000153
12.87141228,87.97844696,-78.78965759
54.71843719,87.37960815,-23.11148453
-32.77073669,17.01625443,-39.45848846
-56.26020432,8.31842136,-34.40208435
-46.05950546,14.61846828,0.00670564
-26.74786758,1.07175922,13.57301617
-12.28819942,-5.04142094,-9.86228752
-15.0039959,8.43662453,-10.41931629
-30.34402657,13.5877142,9.06139851
-21.30433273,7.21416283,3.40563369
-17.83762169,-1.8786726,-3.31084871
-17.25589371,-2.33750153,-4.74872828
-19.89188766,9.27561665,-0.24399072
-21.52913094,12.15022087,2.6475668
-24.09272385,8.17977333,3.39721632
-22.43970299,2.79765034,4.31411695
-21.88072777,-1.07523441,1.41944265
-21.68978882,-6.06121159,3.79852057
-21.44379807,-9.30391216,1.08117568
-20.48804474,-6.88401413,-0.2991364
-22.6126442,-7.88354969,0.65125096
-24.26329422,-6.61358738,2.75248003
-26.40373993,-8.36035252,6.13832855
-25.79252434,-11.30349827,8.09608841
-19.43876076,-12.77036667,9.44147396
-14.99648952,-11.92602062,10.34767914
-13.38561726,-11.1594696,10.63276672
-14.17499447,-8.96991634,11.10999966
-13.16997242,-8.75999069,9.78827381
-13.64203262,-10.44599056,10.02484608
-13.32825375,-13.86429501,13.09877968
-12.23103237,-15.12497234,15.76818752
-10.29405785,-13.50411415,16.91448784
-8.6509943,-12.82610703,18.45538712
-7.32109213,-12.9945488,20.37706947
-4.92228413,-13.15692711,20.35892105
-3.48185873,-13.52260017,19.46474648
-3.51760221,-13.19105148,18.38014221
-4.94255733,-9.92109966,16.68561745
-5.22417927,-5.9286623,14.43501472
-5.14941502,-3.36526394,11.22357655
-5.25532866,-1.6973753,7.87015152
-4.97104788,-1.4692688,4.97475195
-4.94834805,-2.01138687,2.5915699
-5.21418905,-1.9488554,1.04042363
-5.49804497,-0.57983589,-0.54918396
-6.19683027,3.24740696,-1.4082613
-5.04903793,6.42067385,-3.04684806
-3.56952667,6.95613337,-4.93539238
-2.81348419,5.07069302,-5.62497044
-2.18641949,3.75423932,-5.67350149
-2.30654001,4.13660812,-6.95173979
-1.99785089,5.11419773,-6.86573792
-1.33453894,5.23616457,-7.01071453
0.01333666,3.77537727,-7.03389788
2.00739765,1.05667877,-6.35780334
2.81730652,0.16983747,-6.17304897
4.29233837,0.43853903,-6.92254925
6.35630322,-0.65758944,-7.07572317
6.53208971,-2.67436528,-7.50494909
7.03062725,-5.42588425,-7.00606632
6.83825302,-7.31023598,-6.23198366
7.70197105,-6.32875824,-7.15003872
9.64175892,-4.620965,-8.36400318
9.6631403,-5.03307867,-10.54166317
6.69910336,-8.28642368,-10.4361763
3.75484657,-9.16132355,-10.70594311
3.57863235,-10.69715881,-10.6631012
3.59480095,-10.34546089,-9.74629784
-0.22863483,-4.36248302,-10.65272427
-1.56604195,-0.61214018,-9.81821251
-0.62728691,-2.17504787,-9.17728996
-2.28526497,-5.45010281,-7.82257843
-4.34679031,-5.81435251,-5.25447416
-5.0811882,-3.88341284,-2.16620064
-3.68910217,-1.23385525,0.31016469
-1.07071114,0.85463047,2.02513742
0.69747305,2.62842345,2.05821133
1.66784763,4.6959672,3.58261418
0.52116346,8.37770653,5.44156885
-1.57124615,11.2082634,6.34936714
-8.05750465,9.2057991,8.41034889
-19.68287277,7.53630447,12.17082214
-17.3331871,9.90903664,11.1067934
-8.35499954,14.45856762,9.49842739
-6.9075532,17.42108154,8.65152836
-9.01828098,15.57799816,9.51586246
-10.67073631,11.45088768,9.9073534
-11.49221611,6.56596565,10.50707626
-11.05488491,2.84309912,10.47829151
-11.58458328,-0.83448696,9.68832397
-14.10853577,-2.84934998,7.43448162
-14.7932663,-1.41277742,3.54917192
-16.31869507,0.75501251,-0.06434143
-18.58071136,-0.62888956,-4.81759596
-17.15949059,-1.34890461,-7.89448261
-41.96193314,11.28825855,3.62190914
17.16971016,-7.22640419,12.94425106
-10.90712261,-24.35453415,24.43573952
-10.11684704,-3.88406038,-0.29030985
-1.90303326,-2.80334949,6.49153471
5.22542858,-4.8537755,13.86088657
-2.74600792,-4.93896675,5.19181824
0.93446541,-8.01157856,7.16488981
2.05816031,-2.22929835,4.42750025
1.10300541,-1.03190422,4.98124409
2.0536561,-1.41512394,5.75780439
1.46990967,1.59581351,5.14717197
1.56417179,-1.05333138,5.83472824
2.65060139,0.34938264,6.16410923
1.85831356,-2.97508931,4.75697899
3.1434741,-4.35212135,4.45179558
1.77946901,-3.78996587,4.50660419
2.14104366,-4.97718382,3.51099253
1.97331905,-2.76075673,2.78209186
2.08171415,-2.71840382,2.73034096
2.09718561,-1.82636857,2.32865214
1.69468069,-1.20025134,2.061378
2.07568359,-0.55879283,1.8259635
1.82689524,-0.37403536,1.50822926
1.49797678,-0.75670791,1.39369106
1.87134361,-0.25849128,1.51884151
1.72427177,-0.68622971,1.84978271
1.15317059,-1.10536671,1.14758563
1.85486126,-0.66488385,1.83334756
1.15807295,-1.48885107,0.88710737
1.42504692,-1.79052424,1.17651105
1.12788963,-2.483886,0.74321413
1.40986824,-1.99249744,1.11083269
0.75667906,-1.16972399,0.80931425
1.33710766,-0.46012402,1.23314285
1.5354948,-0.5885396,1.2841115
1.24389505,-0.83850241,0.94554281
1.44886446,-0.6863513,1.39193201
1.44599342,-1.08044457,1.5073576
1.28648329,-0.67381597,1.55979061
1.11584711,-0.92972493,2.06991196
1.28953171,-1.1975491,1.60271406
1.24330854,-0.85819387,1.63058805
1.37248611,-1.04636216,1.56553888
1.19165039,-1.58560944,1.20518303
0.91266584,-1.28867102,1.1722312
1.05818224,-1.00746393,0.68436861
1.29201555,0.11736393,1.81277227
1.22757339,-0.30717254,1.45022917
1.36617851,-0.13755059,1.60541439
1.12138796,-0.81720233,1.24399471
1.1243124,-0.75519872,1.26423216
1.13490248,-0.66146636,1.29605246
1.05848312,-0.66543317,1.07769918
1.09976053,-0.46733451,1.07791662
0.86796141,-0.69646692,0.9737587
0.75336838,-0.68308139,0.91890335
0.89047384,-0.63968706,0.90124941
0.96717882,-0.55753183,1.00547171
1.16669464,-0.43057132,0.86317062
0.89394331,-0.54907751,0.53647518
1.02831268,-0.80400062,0.96807623
1.09022045,-1.11019421,0.50348282
0.71777821,-0.60204697,0.90033197
0.72094822,-0.13478589,0.69250774
0.87950993,-0.69992924,0.3471365
0.88436031,-0.74082518,0.66941643
0.71891737,-0.9665947,-0.08431578
0.49990177,-0.85186768,-0.38377953
1.3441906,0.80238795,1.53846359
1.27302551,-0.38524008,1.75471687
0.34502268,-0.50903225,0.95032644
1.02701187,-1.01016045,1.94596815
0.6714077,-0.04457521,3.45141459
0.52023411,-1.41859818,0.8593626
0.09157419,0.20152521,1.71666479
1.02807522,-0.97374916,1.96430969
-0.02932358,-0.98883247,0.95273352
0.49237919,1.29936814,2.75192928
0.03443813,-5.45899725,-2.38647771
0.56480312,-0.92428398,3.07513571
0.21588898,-1.83293724,1.8844552
-0.71184158,-1.68079805,2.47436666
0.02477169,-0.03268957,4.48423004
-1.62216902,0.24323654,4.24219656
-0.65918827,-2.23992205,4.84102678
-1.92584753,1.78595614,7.70971823
-1.39324999,-0.41353655,9.55404854
-0.02183104,-0.30433273,9.75469971
-1.60097837,-6.63535118,8.67679214
-15.70794487,3.54570293,19.00681686
-19.8529129,2.39545298,21.49888229
-26.11468506,6.55637455,19.16132927
-16.43759155,11.90434647,20.06689262
-18.18001938,19.4724102,14.83300972
-20.62508392,28.27184296,3.01439953
-39.67445374,38.60584259,6.68999434
-46.10357285,20.35884857,12.36752701
-32.09573364,9.78261375,14.39160824
-23.56824112,2.05329847,9.96872139
-19.91507339,-4.49075985,10.63005924
-13.17527866,-7.4466095,5.62249279
-12.99823189,-5.62196445,1.84459174
-21.24006653,-3.45185137,1.49561489
-23.93451881,-0.77924156,-1.16943979
-21.01303101,-0.65048552,-4.89136553
-17.81283379,-6.65244627,-8.9740448
-19.24860382,-9.54109001,-12.68137836
-17.14515114,-11.93164444,-14.88050938
-16.53165817,-10.44914818,-15.16309452
-14.88106728,-8.99138355,-14.28771687
-9.92702866,-11.45349503,-9.43259621
-12.0855608,-14.21984482,-4.74367905
-14.42755699,-15.37807178,-1.25052404
-15.85725307,-14.90382767,1.16814673
-19.4393959,-15.7067318,4.57031727
-24.834692,-14.35040951,7.68360949
-29.03521347,-12.9671669,8.71659946
-34.01186371,-10.54964066,9.96101856
-37.7912674,-6.89430714,11.5935421
-39.93935013,-7.18259335,12.55464458
-43.27342606,-7.84720135,13.60787296
-45.92191315,-5.78426075,15.88018131
-49.23088074,-1.31478882,18.52467346
-50.83623123,2.54531431,20.75151253
-53.62353516,6.49193382,22.66229248
-57.25724411,14.00281906,24.96923637
-64.03178406,22.12337875,25.35932159
-71.17500305,25.02965546,25.00575638
-78.10527039,22.55581856,28.03313446
-78.40126038,26.74330139,23.37849808
-78.61291504,32.36815643,13.95365047
-78.73384094,31.27137375,-3.10206771
-78.74422455,27.4228096,-17.96601486
-67.19875336,40.47330093,-30.37918663
-50.76022339,28.97188759,-50.25086594
-46.12091064,39.71927643,-76.18269348
-8.62466049,58.29363251,-76.46621704
33.82611084,71.57157898,-76.88278961
-11.16161251,43.45264435,-44.10349274
-43.25640869,13.22302151,-38.46858597
-22.73896408,3.09828424,-23.53730392
-15.48197651,-9.98778915,-8.41569805
-17.65391922,-13.52140903,-6.51858139
-20.64144707,-1.11987114,2.42022753
-23.8358593,16.65672684,-0.51641822
-15.18309879,19.7742691,3.45649695
-11.15586376,16.20959854,0.50292361
-12.17741585,8.72611237,6.78171635
-11.44780445,4.19323301,7.29043865
-9.6717577,1.9681015,7.33539915
-9.46274281,-2.6597414,7.16905403
-7.75788355,-7.5458107,4.28879213
-8.37913322,-14.38533783,6.69269466
-11.96802044,-15.39607811,4.65315437
-18.12107658,-8.94496346,2.24350286
-21.00148582,-3.02046299,-1.80104065
-21.93299103,-3.93876266,-5.8532877
-24.54086304,-9.23747635,-6.39427662
-23.17560005,-10.71725941,-6.76478291
-23.62843513,-17.02312088,-5.7884469
-22.60605621,-13.8899641,-3.02998829
-21.26233864,-9.12203598,-1.2612648
-20.9411087,-6.71020126,2.15699339
-23.55984306,-6.50056362,5.27779675
-24.13548088,-7.34928417,7.46197891
-23.65989685,-8.00032234,8.95314598
-22.214674,-7.34600544,10.30745888
-19.28786087,-7.56960583,11.49937534
-17.70306015,-9.66162968,13.98725605
-17.38933945,-9.66605854,16.88215637
-16.36244583,-7.14343834,20.01040459
-13.7888937,-4.85340977,23.38443375
-11.10426617,-4.1824646,25.65488052
-8.1232872,-4.9172554,26.64365005
-5.15765667,-5.22146034,26.67672157
-2.71813488,-5.16662407,25.93165779
-1.37955761,-6.58306217,24.96351624
-0.82199764,-8.00024128,23.69847298
-0.75359607,-7.33512306,22.12714767
0.40164614,-5.69170284,19.68371773
-0.07453132,-2.99317646,17.03777313
-0.7598424,-0.20423508,13.42619801
-0.6343298,0.63521242,9.43874931
-0.65224218,-0.19430733,5.1086483
-2.45445108,-0.03045464,-2.84547615
-2.07217884,1.64437389,-6.14310932
-2.44522762,4.20665169,-8.76786518
-3.46798086,6.77251148,-10.09064484
-4.55280972,8.73437977,-9.71157455
-6.75527334,10.29955673,-9.27070045
-8.44948006,12.37643147,-9.00879097
-8.00217247,14.00711823,-9.48779202
-6.16832685,13.60585213,-9.94051552
-4.63998461,10.86832619,-9.89572906
-3.99848366,7.54807425,-9.65856743
-4.61527205,5.48787451,-9.13776016
-4.66255379,4.09244156,-8.62440109
-3.5565424,2.4176631,-8.18853855
-2.42857838,-0.2550199,-7.31721878
-0.70961857,-3.08012843,-6.02997971
0.4415369,-3.79120421,-5.0226326
0.5136652,-4.32199192,-4.01839495
0.46069622,-4.09831333,-2.92708707
1.49132824,-4.297791,-2.6345849
2.25009346,-4.8789835,-2.24132371
2.25829315,-5.28407764,-1.81151533
1.24963665,-4.6623497,-1.11496127
0.30555916,-3.01534867,0.55672765
1.02984715,-2.56678033,0.94878137
1.89164543,-5.17289734,0.48361361
1.43239212,-8.91623497,0.97998464
-0.53551579,-10.68430233,1.16046822
-2.08886623,-8.68914032,1.70392084
0.61886024,-6.01876926,1.55228913
4.40560484,-5.82917786,1.11083591
3.77498865,-5.71966553,1.04419744
1.03907156,-4.61855078,1.32954669
-1.09167385,-4.01086283,1.05464828
-2.4747591,-4.43000221,1.60502887
-2.01949501,-4.74279118,1.84566712
0.50627089,-4.19931746,2.61701941
0.12862444,-0.96823692,4.06336355
-1.29776096,2.27597284,5.97494602
-4.54666471,4.63023472,8.51069736
-6.33961868,5.59959555,10.53151989
-4.44849825,5.33159447,10.58209705
-3.18050814,5.08677626,10.17332935
-2.78145647,5.02168798,9.10843945
-2.61291075,5.09788084,8.41270733
-4.5509367,4.62088919,7.22342539
-7.50059271,4.11559582,6.43189287
-10.06473732,3.85936975,4.60538101
-12.20842552,3.80365825,1.95407367
-10.9101572,6.10438013,-1.66713786
-12.40590668,8.97018528,-2.21476889
-15.97345352,9.31385803,-0.78930062
-9.66709805,3.16458392,-1.05926764
-29.28028488,4.49679136,5.23362589
-50.32191086,9.65484142,1.84861827
-14.49995327,8.03577042,-3.49897099
19.78292847,-13.19318008,-2.53304386
12.48323154,-18.06262207,27.17375183
5.71083832,6.86861944,21.69595146
-12.53298473,13.45025826,-2.71439767
-9.69141483,4.54415369,2.90963459
9.92989445,-4.88772917,9.14106846
-1.44164371,0.50417757,6.54496813
-0.87181664,3.78564429,6.92422867
2.52572966,-1.28237629,4.69191551
0.69328213,-4.42084503,2.54154563
1.09658861,-3.56268835,3.71648121
2.08091307,-6.70151329,2.27900672
1.14283419,-4.29654694,2.59146285
2.04179621,-4.0579133,2.23966742
2.2996788,-1.49461079,3.43814921
1.70349264,-0.21402001,4.13538551
1.56708145,-0.04974437,4.05544758
1.61582232,-0.45851851,4.5014348
1.41805506,-1.32849789,2.60441017
1.37315512,-1.53076887,1.88633871
1.31227684,-1.13641429,1.76222658
1.40700531,-0.73010921,1.58732748
1.61035299,-0.39061904,1.85360432
1.89764643,-0.45899773,1.69048309
1.14607525,-0.58637738,1.26497459
1.64380074,-0.43350244,1.41545677
1.26629448,-0.83764338,1.31567574
1.32812786,-0.08908296,1.55510092
1.34794903,0.06211281,1.54836607
1.33506298,0.22057748,1.54402876
1.19380093,-0.20954561,1.3452487
1.24467564,-0.22087121,1.45289183
1.22246504,-0.32019162,1.35393238
1.1298027,-0.41614962,1.31384754
1.07600975,-0.53652835,1.22159815
1.1677289,-0.17790151,1.24616003
0.83816576,-0.15404749,1.31454229
0.94498491,-0.21279931,1.35191298
0.93639755,-0.27792645,1.25841665
1.09288836,-0.43117118,1.05016661
0.92581606,-0.2809,1.10402918
0.88380718,-0.09716129,1.09913921
0.89296198,0.07474089,0.83253002
0.87822056,-0.1829741,0.87253571
0.83415604,-0.24041939,1.10962009
0.75595522,-0.33954334,1.13312769
0.9104681,-0.23869419,1.14927244
0.80224752,-0.24532318,1.1464057
0.7612009,-0.30092096,0.85224199
0.73001337,-0.19096804,0.78915262
0.83229637,-0.1666131,0.7967844
0.72730207,-0.1386342,0.82503462
0.70134783,-0.20103312,0.89128923
0.75055122,-0.45977831,0.71586752
0.35120726,-0.2447958,0.68352079
0.45922947,0.01605701,1.03627491
0.77371597,-0.05671358,0.88934278
0.55749178,-0.23301077,0.46918583
0.63084793,-0.28438854,0.55990314
0.65417719,-0.30018425,0.53711081
0.53751564,-0.27826214,0.4904604
0.83041906,-0.06374359,1.00424242
0.54191208,-0.44082546,0.68688345
0.53307581,-0.66471577,0.61600494
0.45780468,-0.36668825,0.70341253
0.35939884,-0.15599346,0.71610737
0.5565505,-0.05610657,0.6166501
0.48958588,-0.08854532,0.91475868
0.64319754,-0.3233552,1.07254076
0.47924995,-0.45713949,1.31548882
0.83323193,-0.69815302,1.5099473
0.94340181,-0.83462858,1.79509449
0.63179874,-0.40334702,2.05491734
0.96090174,-0.98445034,2.86673832
1.52609491,-0.43912315,2.64413643
-0.23055315,-2.24772358,2.33596897
0.69830322,-5.40411806,3.80927706
-0.99875116,0.08616018,4.30420637
-1.91391468,-3.44370365,5.20854855
-1.53721237,-0.24584961,6.59722614
-1.061409,-2.09237242,7.92826462
0.81385231,-2.16590643,8.54484081
-2.04346704,-1.10578156,16.47815704
-15.27088547,0.63572407,23.9254303
-24.65229797,5.14366245,16.88429451
-15.65851688,7.67034721,20.92062569
-11.2762661,14.76432228,21.56047821
-11.47570324,21.37220573,10.75911522
-15.72498417,25.26953697,2.6659286
-35.45385742,20.80142975,7.89130831
-43.72047806,14.47076225,16.30692101
-29.9413681,8.90637016,15.10434818
-18.09451485,8.64685535,13.07064056
-17.46321869,6.32190466,13.04242516
-14.04620743,5.5375371,9.2470932
-13.08402634,5.40329456,4.54025316
-14.11422539,5.63651514,2.40993547
-17.87976074,8.60141754,0.83367687
-19.25216675,11.72465038,-4.88511181
-18.83811569,5.98252392,-10.51198673
-19.82052612,-6.06123781,-14.19919872
-23.76010895,-15.28386497,-15.98734665
-26.5857048,-18.85787582,-16.87672234
-22.10302544,-12.80705833,-16.48066139
-15.93074608,-8.20127869,-15.74284363
-9.87048531,-10.47950554,-13.70080757
-8.9450264,-15.48966599,-8.94339275
-8.96670818,-21.10308075,-6.92395306
-12.82481956,-24.18896484,-2.65141916
-17.53501892,-20.61858559,2.14618087
-22.89554977,-18.00587845,5.66620636
-26.9395256,-15.17033577,8.97232437
-29.80129242,-14.54847622,9.76198101
-33.90177155,-16.16094971,10.43634129
-35.89108276,-12.51706123,12.34606171
-39.15483475,-10.7538166,12.60278797
-42.46076584,-12.71576977,15.52320862
-48.1032486,-12.23663044,17.52441025
-55.07511139,-7.40899181,18.34353065
-62.33824539,-3.03737259,18.33351898
-68.688797,3.12414598,18.25455856
-73.22303772,11.57969379,18.56572151
-77.19943237,21.3647995,17.83031273
-77.66650391,31.93335724,19.01372528
-77.59685516,41.46878815,21.04893112
-77.22640991,48.33453369,18.56365395
-78.04083252,52.89651489,8.29506969
-78.03605652,47.13829803,-8.39302635
-65.63446045,41.5632019,-13.8827877
-63.79382706,51.60360718,-18.59733391
-61.70834732,16.851408,-44.93569183
-52.72079849,-3.93580437,-75.69329834
-24.32822609,23.71779442,-75.95878601
59.7966423,87.92082977,-76.56669617
0.27232575,34.17641068,-40.21584702
-36.70627594,-10.44875145,-33.01563644
-48.37480545,20.1724472,-17.05179214
-26.46699142,34.45722961,20.05472565
-7.32718039,34.2983017,-8.33719635
-24.56953049,15.36112118,3.25739074
-20.1783886,11.70735455,4.6826458
-14.46148109,2.38617516,3.24414706
-11.32306576,-6.91563225,-2.1673286
-11.0409584,-21.62380219,-1.38252163
-18.10464668,-17.57110405,6.29914331
-13.83274746,-1.05335712,8.97204781
-10.83880234,6.51878405,4.86296749
-15.6007452,-0.10816622,6.05797768
-19.20112038,-13.45866203,5.12196875
-21.85269165,-19.62239838,2.01395512
-22.38310814,-11.33474922,-1.76829529
-23.34344101,-12.8408041,-1.67604589
-24.9692955,-15.09042263,-0.4204886
-27.49172592,-16.21999741,0.72191584
-27.69415855,-14.51792622,3.20744443
-24.47193909,-11.45959187,5.68881607
-19.58924675,-8.61500454,6.95954895
-17.35622787,-7.03838444,7.40479374
-18.62124062,-4.81568241,7.98684025
-18.53128052,-3.28968525,7.90049696
-17.77951813,-4.27578545,7.65294456
-16.67214966,-7.24149609,10.71374607
-15.69837189,-9.62190151,13.8155098
-15.42308998,-10.40107632,16.39807701
-13.09183979,-8.07465935,19.12192726
-10.59290791,-6.24274921,22.29520416
-8.50125408,-6.65405369,24.16724777
-5.9772234,-7.91226959,24.31277466
-3.21469259,-7.64231586,23.80408669
-1.94703245,-6.63491917,23.5915947
-1.50965881,-6.60960007,23.60541344
-0.17806339,-6.46778011,22.81843185
-0.35939789,-5.68058491,21.27016449
-0.95197058,-3.54122877,18.89694595
-0.56290054,-0.77161312,15.60178471
-0.34034824,0.70475578,10.87459755
-0.03167391,-0.11598253,6.5675168
0.28401709,-1.94074631,2.36908913
-1.03209686,-1.97558689,-0.38052595
-2.8366394,1.37184191,-1.82557797
-3.09616661,5.60116863,-3.67849827
-1.90313435,7.32189465,-5.05808544
-2.35002136,6.50432444,-6.52397346
-2.90303802,3.4343648,-6.97097397
-2.01178598,0.59715843,-7.6182003
-1.46688271,0.23647785,-8.11563396
-0.77399349,2.20102739,-8.50022793
1.38185453,5.08518362,-9.0474987
2.92954826,4.12436008,-8.84242058
4.74476051,1.69116068,-8.6656208
5.0612421,-0.63499904,-8.59081936
5.17703629,-3.4886682,-8.54234886
3.65269709,-5.56445932,-7.87314367
1.99597359,-4.58633566,-7.81616688
2.72048903,-2.78264141,-8.18123913
2.87708998,-1.84844899,-8.61915684
4.22185564,-1.44920421,-8.76140404
5.40489483,-3.5757699,-10.19604015
2.36585522,-3.78169346,-10.48925209
0.43058777,-4.99827528,-10.76080799
0.6898737,-6.84730196,-10.32785511
2.12245846,-8.27528954,-10.56240368
3.69465733,-9.15941429,-10.01848602
3.53540564,-8.66919422,-8.17826939
-1.83290482,-5.76030254,-6.63433981
-7.72703648,-1.49099767,-4.65037441
-5.33707428,-0.65538192,-3.71241689
0.75790405,-5.10960054,-5.09204483
0.65292358,-9.81059742,-4.42396069
-1.39235973,-10.67104912,-2.50393224
-0.36475468,-7.1750164,-1.30935431
1.18480492,-2.99708128,1.16148186
1.21203136,0.65512967,3.64660287
1.33437204,4.18296385,6.32476187
-0.82348061,7.68753242,9.5548954
-4.86672401,11.02882862,12.93244362
-3.60766792,13.81724548,14.99978256
-0.67276049,14.5613327,15.43045139
-4.09077883,14.41999626,15.56650925
-9.091856,14.27937412,13.98040771
-10.80273914,12.86141968,10.41156483
-12.06642723,9.78777313,7.54786348
-13.20765495,6.98038816,4.9336772
-11.17268467,5.69680834,1.16880238
-15.39134979,5.26959991,2.35402679
-42.18936157,-4.16625881,17.39382553
-47.65886688,-27.73778915,24.86194801
-7.90889454,6.25331736,8.22303963
1.12764454,28.34683228,14.57803726
4.66471195,-21.47504425,21.76390457
6.67384624,-19.76568604,12.23834991
-9.68856907,7.59685946,7.50244141
0.26925182,4.40179491,9.68019104
3.61035728,-8.24752045,11.26307487
-1.87683201,0.82213283,3.24473119
1.12520885,1.79632354,6.43597746
0.59615135,-5.33903074,2.21038556
0.32308197,-2.25457907,1.61998057
1.02624178,-1.9375205,2.68295765
1.27340317,-1.18477631,4.01463318
1.25538969,0.4670651,7.8567667
2.99320126,-0.51036358,10.1513176
3.83514166,-3.40437126,8.35769272
0.86011457,-3.39074421,2.68379879
0.93240023,-0.39621019,1.18650103
1.36178875,2.15602016,2.00089979
2.23347664,1.87389588,2.97158051
2.30556774,2.5763588,3.37120628
2.00051785,1.09271884,2.53292084
2.1256547,0.59797573,2.39541388
1.83859491,0.11775899,2.48669958
1.53710794,0.37412691,1.93169546
1.31466961,1.09215999,1.73190308
1.34266806,1.12976432,2.11673594
1.31468344,0.81284261,1.83066988
1.65941525,0.75945568,2.00703716
1.21382284,0.15561557,1.65187168
1.57810307,0.28359938,1.74515867
1.14360428,-0.49746132,1.29293633
1.45667458,0.23149014,1.38724899
1.15207815,0.46080494,1.74258089
0.92689657,0.69650006,1.68089724
0.79280996,0.28948689,1.49097157
1.00681353,0.02104402,1.64168501
1.00757504,-0.20107841,1.36530733
1.05992365,-0.41411209,1.40119982
1.14296722,-0.24244094,1.48892832
0.97742605,-0.20000863,1.42793608
0.96637774,-0.0112505,2.61146164
0.96217871,-0.45085025,1.6399827
0.82917738,0.12264967,1.52762079
0.97081661,0.20254517,1.3801012
1.11599874,0.29427028,1.47361469
0.91925573,0.27060342,1.28156519
0.6965518,0.11730313,1.10143709
0.72790432,0.02909112,1.08290577
0.6954031,0.10911417,1.06197548
0.65628529,0.25699258,1.01929474
0.67114782,0.37545657,1.10319614
0.63497019,0.54475307,1.16569567
0.56785345,0.28793621,1.0496664
0.80211687,0.08960009,1.13701105
0.69581604,-0.03882313,0.94230032
0.72693253,0.04705262,0.9814043
0.67224503,0.02100968,0.96240568
0.59651947,-0.18921971,0.51354122
0.53344822,-0.32446218,0.97481775
0.57842016,0.15770936,0.93993092
0.59079552,0.11331511,0.78312397
0.522542,0.13291478,0.75541735
0.52657175,0.02338529,0.73568344
0.54516792,-0.04175878,0.85458612
0.51687193,0.10462761,0.90066195
0.52234221,0.10234976,0.8974781
0.56845713,0.21319151,0.8063035
0.59372473,-0.00915289,0.62718153
0.77136374,-0.28919721,0.6410594
0.89648962,0.036865,0.78162718
0.77233458,-0.07107306,0.80783749
0.71462297,-0.17156243,0.79533577
0.59397554,-0.37288332,0.67408705
0.71755171,-0.12265921,0.87253714
0.74197006,0.16616297,0.8166523
0.37519073,0.20164108,0.61132908
0.41904974,0.07580376,0.53075743
0.49403858,0.03661728,0.65993881
0.07660341,0.37330341,1.24586344
1.03883076,-0.71961164,0.08429384
0.53768206,-0.59104681,1.38019753
0.8206377,-1.36473799,-1.86547661
0.25363731,0.49926496,0.59382868
-0.05899525,-1.53313446,1.28356361
0.34174538,-1.011024,1.87213421
-0.21108007,-0.15762615,1.70333862
0.80726576,1.17613339,1.81934643
2.47661686,2.63011932,2.03146315
1.54468489,-4.34616423,1.55909443
-1.77197552,-1.51177835,5.66230774
0.2523632,0.09554052,5.52375364
-1.30542707,-2.71051359,5.86577368
-2.06263638,1.27555013,7.98953819
-0.29476261,0.21429539,7.84257507
-2.80280447,-0.43359137,7.76804733
-1.90721178,-0.92389774,9.19753551
-3.84439278,0.01960659,11.22484493
-11.97764587,-0.95533848,24.36819458
-19.22765923,0.53746462,19.89632034
-23.61697006,5.71760941,14.58063602
-18.05647087,12.41919422,19.64432335
-14.10604095,20.37895584,11.76013756
-18.38161469,33.71720123,0.71782994
-37.01704788,31.31843567,13.83685112
-34.45375061,19.60876656,14.84860611
-24.38972664,4.76419353,14.43914223
-16.53862953,-1.71305227,13.06682301
-13.66295052,1.19162512,8.53845882
-11.59498596,0.78195167,5.88967228
-15.99152374,4.52509117,3.94478464
-20.5908432,7.45243931,0.34217289
-21.71318817,8.7421217,-5.50558901
-19.31576157,3.75040817,-10.24976826
-17.634655,-3.53560019,-14.77359581
-20.59847832,-7.868402,-16.70789909
-22.03663254,-8.52475548,-18.17915154
-21.0105896,-5.32903004,-18.14858627
-18.83417511,-4.06503487,-17.32170296
-15.85051727,-7.49873257,-16.12145615
-13.56568718,-11.17427349,-13.9765892
-12.65017509,-13.83665466,-10.16597271
-12.1803112,-16.30083084,-5.86304855
-13.92037773,-14.8157959,-1.51996863
-17.37296486,-12.44941521,2.51390839
-20.83248901,-10.53035927,5.91643095
-23.4116478,-8.31023312,8.28951645
-28.55099487,-8.09049511,9.68784904
-31.41504478,-8.64116859,10.13685322
-34.90048218,-7.23017311,9.71939182
-33.62534714,-6.0199585,8.65245628
-36.33285141,-5.52621555,10.71227169
-36.711586,-6.65332222,10.74552822
-39.37263107,-6.50811386,11.76731491
-41.0423851,-4.82526779,13.70224953
-42.62601471,3.33069468,16.05499268
-43.30756378,10.70638657,18.37979507
-48.01770401,15.85161686,23.01672363
-58.9903183,24.96342278,26.13106537
-68.61772919,32.1097641,25.08508492
-78.82811737,37.60495377,25.08057213
-79.10744476,43.08030701,18.54150391
-79.28663635,46.00464249,9.76341248
-66.37104797,42.19302368,0.30130124
-59.98027802,39.47242737,-5.07741642
-61.02222824,45.28514099,-7.50529671
-62.61735916,26.25996017,-35.47690582
-46.72488785,-4.78102493,-75.3336792
-21.50460815,-19.20978737,-75.44480896
40.46049881,27.83651733,-75.79290009
23.12610817,57.21424484,-48.69692993
-27.19281769,27.34622955,-32.51351547
-44.55452728,22.89935493,-28.4128933
-37.64519119,18.67238045,-1.99053597
-24.24756622,8.2071991,-0.13828444
-20.1492424,-1.14419365,-11.76628685
-23.94813919,-16.28865433,-4.29882336
-33.80853271,-11.60180664,3.61016941
-28.54564476,-18.72313309,-1.08448863
-23.89885712,-11.00665474,-3.25132155
-27.90204811,1.00770855,0.90979695
-27.14194489,7.05608654,2.15953565
-27.56661606,7.51500893,2.80752516
-28.27171898,3.55749607,3.815382
-27.91072464,-0.4812994,4.62856197
-26.89764595,-4.32435322,6.65386391
-25.55313301,-7.60501766,7.55333138
-23.8241024,-11.16327095,10.23749542
-23.81272888,-10.42077923,11.01486111
-25.18670654,-12.13957405,13.19145584
-27.9716835,-7.8817625,11.5660181
-31.02181244,-10.74197006,13.60678768
-30.80671692,-15.1174469,14.73505783
-28.88749123,-19.17735863,15.80722904
-25.55090904,-21.20695877,17.41226959
-21.91192818,-21.19727135,18.17040634
-18.92291069,-19.78930664,18.72962189
-16.26215935,-18.11885071,18.85907364
-14.38590336,-18.30946922,19.77217484
-12.50742149,-19.15523529,21.20696449
-8.81839085,-18.41809464,26.34380531
-6.04130602,-16.1298008,29.1153183
-3.18591499,-16.11004257,30.94797516
-1.23944497,-17.33222771,32.03047943
-0.21580976,-16.00218964,32.25233078
2.46994185,-13.38882637,31.91690826
-0.1996651,-7.70469475,30.18272972
-0.90649217,-3.50359154,27.85155487
-1.70417988,-1.15593815,24.29646301
-2.60315847,-0.50742054,19.81779671
-2.83115149,0.2920723,15.24160099
-3.05979514,1.46942329,10.79691601
-2.5295763,1.8663125,6.62613201
-3.20997071,0.60122061,2.21302152
-5.20796347,-0.41923618,-0.453825
-6.76187325,0.50221634,-3.221632
-7.74622822,3.68076801,-5.18894053
-8.56746674,6.92687225,-6.62192869
-9.51543045,9.34247303,-7.33184004
-9.95642281,10.51622486,-7.73794603
-10.41738701,10.26158524,-7.792974
-11.26537514,9.63549232,-8.00488949
-11.81608772,9.42442036,-7.85752201
-11.86298561,8.89918327,-7.30543137
-11.75534439,8.22545624,-5.74478865
-10.94378471,8.54592037,-4.65999508
-9.68276787,8.9263792,-3.60475945
-7.58527136,8.10572338,-2.95859504
-6.70807505,7.07095337,-2.22697282
-6.057652,6.53665447,-1.46314383
-4.95590878,5.82789612,-1.03350973
-4.34830761,4.26274633,-0.59454393
-4.17115736,3.12280226,-0.37828875
-2.8775115,2.38508749,-0.45282054
-0.46851397,1.7377758,-0.86320114
1.84786749,-0.04644012,-2.193681
1.72386885,-1.68218708,-3.02516055
3.68296194,-5.01430464,-4.75071526
3.3585577,-6.07291222,-4.76847124
2.18301582,-7.45580578,-4.48837662
1.37434673,-8.90722275,-3.88951492
0.47767448,-10.12986088,-3.07399559
-1.19931316,-10.3099966,-2.19818687
-3.1224165,-8.63577843,-1.26903749
-3.40328598,-7.08980131,-0.90512133
-2.6496973,-8.24342251,-0.8546927
-3.09529305,-9.70387363,-0.54456425
-4.49719143,-8.07502365,-0.3688705
-3.70267963,-5.03057289,-0.01169658
-1.61031818,-3.30430317,-0.38485241
-0.15378952,-3.12881923,-0.75817943
0.38278484,-2.92685628,-0.65368843
-0.88612366,-1.08618879,-0.95953965
-1.51806164,0.8788836,-0.67370009
0.17416382,0.62511563,-0.79022837
-0.10946512,-1.29225969,0.16382313
-0.73464108,-2.93506289,1.18011498
-1.54621792,-3.59609413,2.1827116
-3.71116114,-2.5803504,3.89702749
-3.09224319,-0.81797886,5.6402173
-0.69305515,1.10144234,5.74946451
0.74303198,4.23803043,5.98484421
0.30336761,8.62411785,5.80455112
-0.43425131,11.73012543,4.95787287
-1.86612177,11.4697094,4.82841206
-3.3192544,6.88822842,4.84472084
-5.34064341,0.43117762,4.54990196
-8.39044762,3.25670385,4.10752344
-5.15338564,8.9033556,3.0569365
-1.86521578,10.4631815,2.65328288
-1.22797918,8.80935287,2.77007031
-4.44828939,7.27985382,3.8272016
-6.4003787,6.81158304,4.89056492
-8.28785324,5.84704494,6.42907858
-9.96105099,3.73670292,7.04124832
-9.99857521,2.1921916,7.18730259
-9.25067711,2.1323719,6.60458088
-8.62384796,3.32115746,6.57642031
-18.56782913,5.50459146,1.76686251
-44.19709015,16.39853477,-8.76740074
-52.23077011,27.05752563,-18.07770729
-9.67242622,-2.58772516,3.16766787
20.78274727,-19.76664925,26.25685883
7.08964825,-3.87687969,24.26449013
-12.16117096,3.56281042,-10.68808174
-2.71662045,0.23320603,14.08048153
7.40510368,-5.91338539,10.46018791
-2.18997002,-3.74174881,1.98518729
0.68772221,-2.56683397,6.33946323
1.93009424,-3.70568585,4.81369114
0.13597298,0.079252,4.31851339
1.10204935,1.04299402,4.53115034
-0.15752506,2.35853815,5.08856106
0.84533215,2.18266225,4.07103491
0.41526413,1.92651916,3.51288581
0.44046402,1.31156945,3.64752889
0.691679,0.36791277,2.93067694
0.7019062,-0.6636889,2.72828722
0.95057154,-1.57815909,2.04283929
1.32161236,-1.59812379,1.79982138
1.31264687,-1.91345024,1.94746828
1.17957783,-1.42240548,1.6873095
1.12936401,-0.92576337,2.32258201
0.88188982,-0.77310872,2.29944706
0.95659876,-0.6058023,2.0989244
0.95496559,-0.22966766,2.31280446
0.88397503,0.00602579,2.31318307
0.74732113,0.15161777,2.10142255
0.90675211,0.13323879,2.18870306
0.80818987,-0.13305068,1.88380075
0.8078804,-0.13179874,1.61180687
0.84275246,0.00466251,1.32427335
0.93276024,-0.04688787,1.37168288
0.76923275,-0.27477598,1.18103743
0.7772646,-0.06179142,1.20820546
0.71601343,-0.04238415,1.19807959
0.58227253,0.07563734,1.00794506
0.71169186,0.23970866,1.24002934
0.62532759,0.30465031,1.06580186
0.5586009,0.53018475,0.98908424
0.96894503,0.56382823,1.23944139
0.57663679,0.31595325,1.21857333
0.65673351,-0.19682789,1.06025004
0.61041975,-0.47916698,1.22563887
0.81280708,-0.39184189,1.29767323
0.64196873,-1.32642412,0.9232831
0.76107359,-0.7986722,1.20566893
0.74809504,-0.92281771,1.25938797
0.63034058,-0.91117525,1.3170414
0.67127943,-0.50395298,1.04955339
0.64773512,0.29613638,1.13348627
0.78828049,-0.19265652,0.74987173
0.87245131,0.25859785,1.0559783
1.04451275,-0.54295778,1.62700224
0.66096926,-1.08385086,1.85205317
0.79736233,-1.01136112,1.93105125
0.47745228,-0.71525478,1.58576488
0.30542183,1.13931704,1.45200968
0.93419266,-1.12247896,1.20340586
0.5543561,-0.92160225,1.41976643
0.21195173,-0.61981726,1.53562784
0.02204466,-0.47181845,1.25715637
-0.31728554,-0.09759951,2.67778301
0.04995918,-0.85741997,2.3757267
0.08496809,-0.18625546,3.07019758
0.17231321,-0.51369524,3.72150016
-0.13244009,-0.15277624,4.25309849
-0.25480795,-0.02318382,5.3445797
-1.04419661,0.35851049,6.6085453
-1.17132759,0.36302614,7.44998932
-0.42876959,0.70352936,9.0402422
-2.72001648,1.88292146,11.36340523
2.20340824,-4.1274457,11.74803925
-6.98401356,-9.06270027,16.42289162
-26.37147522,-1.96043777,18.11183739
-24.78748703,9.8330822,21.1497345
-12.08599663,16.23294258,22.26590729
-14.692729,27.63234901,13.81641102
-17.73299026,33.47514343,12.51017189
-38.78496552,37.24842072,11.68882275
-41.25575256,23.43222046,17.41119385
-30.27160263,10.66945267,11.71981049
-21.5902977,4.10780239,12.39202213
-18.4261322,3.27944398,12.31473637
-17.2332859,4.70408678,10.22547245
-12.76879406,4.75626755,3.63490558
-17.26076889,9.8441,1.07514191
-22.44569778,10.39148808,1.00104201
-21.45221519,9.23218346,-6.31808281
-19.57120323,3.72092199,-11.44772243
-19.54071808,-2.77563047,-13.85068321
-18.98733139,-10.233284,-17.90175056
-17.47576523,-9.89941597,-16.521101
-14.04870796,-9.83256531,-14.03670406
-12.89793587,-9.99529934,-10.8102541
-12.66896629,-10.37766266,-8.49063778
-11.85642719,-12.33235645,-6.16252661
-12.80500603,-13.01263905,-4.47455168
-16.35758209,-11.6198864,-4.79384232
-16.48342896,-10.35301399,-3.75588703
-15.21387291,-10.31682587,-2.9774332
-16.71053696,-10.63547707,-0.95891297
-19.19874191,-10.88473892,1.1960392
-21.46858406,-9.82570171,3.85012388
-24.21850204,-9.22947884,8.12838459
-27.80457115,-7.19345474,11.294981
-29.51476288,-6.68262005,12.44011021
-32.99490356,-7.4182148,16.91037178
-34.05577469,-6.14439106,19.40006256
-38.34378815,-2.61868,22.32837296
-40.40921402,0.80207825,22.02017975
-41.25154877,3.96874905,23.50501251
-43.39735413,7.59538698,24.84943008
-44.20314026,11.58052444,27.02463531
-54.60772705,22.00574493,30.14458466
-66.8616333,31.87008286,31.12925911
-76.5260849,33.63607407,29.89899254
-77.29654694,31.42685699,29.40387535
-76.79625702,34.4334259,20.68193436
-77.46807861,41.8885498,-5.1843276
-60.76698303,37.43686676,-15.90805054
-52.96496201,47.54230881,-20.69569778
-51.10443497,35.17855072,-40.90620041
-43.66059113,17.43956375,-73.91847229
-13.07127762,25.57696915,-74.14068604
36.51792908,52.11635971,-74.5140686
5.61467409,33.97999573,-44.81489182
-20.272089,3.95055103,-24.94972038
-11.18127251,15.22619438,21.34440804
-12.61357689,14.07201481,18.69524384
-7.75770187,8.21146107,14.03809166
1.70317471,6.72418976,9.44037819
4.71507978,2.9505558,-2.40357685
3.43435454,-0.16268349,-2.04359388
0.63171029,1.13866186,-3.16490555
-3.10715365,2.40189123,-4.96595812
-3.64664745,2.09687424,-3.92760229
-5.295681,5.06344223,-4.87183428
-5.17054939,-2.48879147,-0.63101673
-7.14587355,-8.55841255,-1.40709972
-9.06336594,-13.68930721,-1.62911606
-10.63454437,-23.76517105,-1.02955246
-14.87664318,-29.33598518,-0.88650036
-19.21291351,-19.96016693,-1.57501125
-19.79403305,-6.1228199,-0.06358433
-20.81437874,-1.84699082,1.44841099
-22.74709892,-6.87213898,3.4150176
-22.70056152,-11.2214222,4.01561308
-21.75714302,-10.87432289,4.03052187
-21.33273315,-6.75095558,3.52146435
-20.79740906,-2.60774994,3.00955129
-20.70802307,-1.53223801,2.86714888
-20.45464897,-1.68499756,4.08332682
-20.88182831,-1.03431129,5.65965891
-20.55152702,0.51640701,7.25512981
-20.34438896,1.11017609,8.2807579
-20.65365791,-1.2012167,10.06287193
-21.17487144,-5.44542503,12.21307087
-21.7858181,-7.97965717,13.84956074
-20.64984703,-9.01407146,15.88039017
-19.40315437,-8.05783463,18.33383179
-17.63378906,-6.45971489,20.35569382
-15.80577087,-5.64941216,21.90888214
-14.0175581,-5.08639431,23.23080063
-11.91121674,-4.29914951,24.43199539
-7.29614353,-3.42815208,25.981884
-5.45064306,-4.56622028,25.96672821
-3.9436779,-5.82572746,25.40316772
-2.7475791,-6.18613815,24.23588943
-1.80324602,-4.50924969,22.38383484
-0.98243332,-2.62179279,19.61458588
-0.75662804,-1.87140179,16.4140892
-1.5022006,-1.74997759,13.15134144
-1.99744654,-1.22686291,9.65106583
-1.47954321,-1.17761612,5.54716349
-1.25880241,-1.02706385,2.48796892
-1.75413227,-0.38220358,-0.8327775
-2.93993759,1.26818657,-3.95513749
-3.44811869,2.99311256,-6.69961691
-3.74603653,4.82914352,-8.85808086
-4.2340641,6.57723045,-9.39165115
-3.6801486,7.79360437,-9.78302574
-4.62345076,7.89810371,-10.66227722
-5.04905844,7.45379114,-10.97073269
-4.04312897,6.10772228,-10.8716774
-2.72204018,5.43310452,-10.07859325
-0.83634949,5.07396698,-8.79384995
0.26878357,3.7353909,-7.02029181
-0.04058647,1.6181767,-5.25863457
-0.53979778,0.4035759,-3.76452255
0.44391537,-1.1687988,-3.10749912
2.44457436,-1.52668262,-2.10854936
3.89381409,-2.7379899,-1.53021431
3.46176863,-4.70925093,-1.57453382
2.24572802,-5.67583609,-2.40527964
2.74598646,-6.00572777,-3.17872047
3.42542744,-6.23934984,-2.47381115
4.92094231,-7.84014845,-2.8040204
5.23534346,-11.33291245,-2.35315609
2.12693167,-14.24415779,-0.6513133
-1.91014099,-15.19138813,1.00953901
-2.28031731,-14.65020657,1.7458775
2.35011911,-12.41510105,1.52181315
3.86224365,-12.2877121,1.33961105
3.31366491,-12.12930202,2.47005248
0.05759525,-10.52341938,4.16345787
-2.45322895,-7.23482704,4.84611702
-3.04874706,-3.69279575,4.87561703
-2.21534061,-0.72943616,5.08350515
-2.6798687,2.7680316,5.93855286
-2.60729504,8.16973686,6.64023638
-5.03706837,12.3030386,6.85203171
-6.70374775,13.12187862,7.58511162
-5.98011112,9.09157372,7.69260216
-6.3055048,3.59871244,6.91189861
-7.64067364,-0.08041239,6.32137823
-8.74425411,-0.57159948,5.44657326
-11.35971832,2.7646718,3.02132177
-13.27588844,7.51151991,2.08721876
-19.65298653,10.44143295,2.19016004
-50.29395294,12.61622238,14.46120548
-54.1231041,11.04902649,11.92861652
15.23578072,0.99248886,3.82114625
16.05667686,-9.03363132,20.7485466
4.73246574,-7.95942974,31.99898911
4.94226265,0.07431936,3.33350587
-21.40057373,10.88042068,0.67688942
0.00340939,5.24239349,8.58355904
4.12526274,0.67260528,13.48563957
-2.02743244,-2.47366142,5.04729176
-0.56507969,6.37894535,1.48840714
2.08764267,0.15249968,6.54736614
-0.22545147,-0.51686764,4.35596275
0.39701271,-3.09443474,3.89253569
0.38596869,-3.73743963,3.59211016
3.04244757,-0.4396615,7.1570406
3.32252169,-0.48489189,7.68042088
1.70620108,-3.24629831,6.44221973
0.69707251,-0.85445356,2.96877933
1.39085531,1.03546143,2.36218572
1.82372999,2.71805477,3.00851154
2.00404453,2.98284054,3.30952311
2.35703421,2.33117604,3.10763025
2.16781425,2.14006424,3.07302523
2.13454723,1.78809977,2.86027336
1.86995602,1.04224277,2.6995163
1.58184004,0.54544497,2.4161787
1.32372665,0.0157547,2.19803476
1.44031382,-0.24716759,2.09590673
1.96746111,0.65761757,2.06886911
1.2145133,0.56989717,2.42508221
1.38189316,0.63934278,1.38353157
1.69681644,0.57062292,1.80554533
1.66321325,0.99371552,1.73288393
1.71523476,1.2553215,1.89339876
1.33032227,0.91072178,1.96488619
1.325068,0.53153133,2.12417746
1.22778702,0.11069441,1.83578014
1.14122486,0.19583941,1.9345088
1.10552454,0.14434719,1.77165937
0.97497511,0.2945919,1.96752167
0.99098206,0.5621171,1.74941969
1.19705486,0.54689622,1.74342442
1.23423481,0.98728299,1.86383009
0.93367577,0.45867348,1.64802551
0.83889437,0.25147438,1.76962519
1.13351488,0.41327858,1.74018812
1.05239391,0.38855243,1.54009724
1.12898779,0.38402843,1.40634584
1.39659691,0.77121806,1.08681822
0.94605637,0.16961193,1.11360502
1.0887475,0.44234324,1.57606888
1.0160923,0.41739798,1.38056946
1.05698204,0.40798879,1.26177311
0.67206812,0.28068304,1.49391174
0.57763624,-0.02969456,1.97631836
0.26466751,-0.10973835,1.47656775
0.24693203,-0.48464274,1.73477602
0.54983616,0.08157659,1.46485567
0.94271517,-0.0284102,1.46792412
0.23367834,-0.02511883,1.35717773
0.90028667,0.2690866,1.35038233
1.11430597,0.45045972,1.33921862
1.60493755,0.45863438,1.53692865
0.30438471,-0.31033444,1.39751148
1.14085817,-0.0866065,1.08366346
0.14184618,0.11150527,0.85848379
0.7784276,-0.28684998,1.44637585
0.70217133,-0.17938232,0.889256
1.02614975,-0.05067253,1.25350952
1.11016703,0.8182354,1.65540123
0.52039814,0.23711562,0.98545408
0.96412802,0.12714481,1.7407546
0.34239674,-0.16936636,1.13261795
0.76360846,0.1587944,1.28017187
0.45299053,-0.63318872,0.96939278
0.80629969,-0.16384888,1.42059231
0.43741322,-0.50148582,1.13879633
0.29353809,-0.38400555,1.67922449
-0.80455923,-2.53204393,1.01958895
0.87912416,1.49857926,4.14607906
-0.54326248,-6.46685219,-0.90728855
1.07742786,-0.72312069,1.78759241
0.1544776,-1.88943338,1.5176506
-0.33785582,-0.80185986,2.11069012
-0.14491606,-0.02992249,3.66339445
-0.89980984,-0.52038813,2.62242603
-1.2500906,0.90441394,4.28555679
-0.83602142,1.61435628,6.91034794
-1.43277502,0.45409203,7.59400225
-2.73049259,0.75414085,9.54553032
1.5225873,-1.38391209,8.6636076
-9.32880783,-0.83346605,18.36621094
-18.7253933,3.82449627,23.22066498
-23.68703842,7.59618282,16.46229744
-14.21770287,10.32020664,19.06433487
-13.17112637,18.88760948,13.9146843
-14.1694231,25.10647964,4.82862854
-31.94206429,35.09105301,6.24726582
-40.6133728,25.2318306,14.98752594
-29.70830917,13.15042782,13.74174118
-23.99838638,4.24948597,11.3960743
-18.14822578,-0.90962481,12.75566769
-15.40013123,0.46745443,7.63337612
-15.21280003,2.55290794,1.89883447
-16.40810966,1.56364608,-1.87281501
-17.34592438,0.45010424,-5.38051701
-16.83156586,-0.62710714,-9.5221777
-14.7356596,-4.0305953,-12.39386272
-14.19151688,-7.93463326,-13.64974403
-15.99268532,-9.08928013,-16.74645805
-16.91991806,-9.28712273,-17.84948158
-13.83024788,-8.74664116,-17.31823158
-10.51964855,-7.11687756,-16.75865936
-7.96368122,-8.3041935,-16.53854179
-5.4785552,-10.60366821,-14.40759373
-4.01608086,-11.50167465,-10.65066147
-5.13311338,-11.78769398,-8.64762783
-8.08450031,-11.81498337,-3.66689086
-8.36435318,-11.67720032,-0.26697737
-13.0751133,-11.55458069,2.27911735
-15.83309174,-12.29540253,6.85561562
-18.31693077,-13.60930347,9.31111717
-22.38368607,-14.28335476,12.22147369
-27.90309906,-13.28541756,14.32279301
-31.81187248,-10.962286,15.56903553
-34.62604904,-9.08276844,16.99342728
-37.40257645,-5.97523403,17.52946663
-39.6352272,0.50410271,19.55349731
-41.71373749,8.30147934,21.98871422
-39.46783829,11.14880466,22.6195488
-44.60364532,19.7379303,25.05998421
-51.82071304,27.74443054,27.00147629
-56.6553154,30.33317947,25.85038185
-64.75518036,30.14382362,22.64910889
-72.88928223,26.34704971,17.50843239
-78.41895294,31.32674408,13.12435818
-78.53961182,33.66694641,9.4990406
-78.59142303,28.31183815,4.97590017
-78.56191254,17.30703735,-5.67359638
-78.45306396,23.67681313,-22.81212044
-49.07658005,19.41555595,-42.33641434
-42.32126999,-11.39368248,-76.24196625
-24.98033905,-25.04405403,-76.27625275
44.41904068,50.51192093,-76.61678314
-0.28494608,35.08498383,-43.83926773
-35.98347473,6.04153252,-27.53436089
-54.95530319,13.5669899,-24.11978149
-25.97208023,7.90650702,6.50146961
-21.91838837,3.37357616,-6.14925575
-18.98079872,4.18744087,-4.90509987
-31.25901794,20.4349575,-10.18357563
-36.16235352,8.3227396,6.56101561
-28.62187004,1.70845366,1.36952198
-21.66119576,-5.29891586,1.50963664
-21.7904892,-4.75457001,2.45345545
-20.92461205,-4.18005753,7.25723839
-20.80744362,-1.42200708,6.62273836
-20.37968826,2.08353519,4.9760108
-20.79511452,6.38475418,0.30798361
-19.68548203,6.35510254,1.36906672
-20.45184135,3.53525448,2.13867807
-23.30581284,-0.71438503,3.48631763
-25.47546577,-4.66483402,3.87580729
-25.4488945,-8.1282692,4.6321702
-25.13615799,-9.8722868,6.94240284
-24.59803391,-9.98853016,8.14157391
-23.15826607,-12.42398739,9.0916338
-21.53862572,-15.49429035,9.85880756
-21.47708321,-16.81771278,10.91118431
-18.51301956,-20.31988907,12.79580975
-17.05815697,-19.60528183,13.55579567
-14.91983795,-18.9199295,15.34684181
-12.96552753,-17.79792595,17.26330948
-11.73986244,-16.84353828,20.26888466
-9.50382137,-15.04876995,22.83770752
-6.80416775,-13.88008881,25.53944588
-3.42756963,-14.03868866,27.08180046
-0.61714745,-15.37522697,27.9382267
1.14677691,-15.1688261,28.05826569
2.87409401,-12.07920933,28.00122261
2.15346003,-7.81701756,26.85974312
1.39502788,-4.05044842,23.98451805
0.31738544,-1.49243069,20.18630409
0.00244689,-0.79416084,15.33361435
-0.99266124,-0.74040222,10.12759018
-1.541713,-0.07493687,4.58439732
-1.02037597,0.98165131,-0.36364579
-0.59990382,1.68049049,-5.1971035
-1.30126071,2.8068676,-8.98226643
-2.30524683,4.66574335,-12.87980175
-3.31286812,8.11650085,-15.25017834
-5.07847023,12.82458496,-16.1749115
-6.26274157,14.74040794,-16.67611694
-7.25242138,10.33247948,-15.32439613
-8.41343212,5.72692871,-12.96238327
-9.6311779,6.15508461,-9.57823563
-8.9315443,9.4666214,-7.41738558
-8.99827194,11.90188599,-5.70189142
-8.41119194,10.49904156,-3.21063685
-6.311759,6.75100327,-3.23077893
-5.51778173,3.95371819,-1.96388435
-4.9115448,4.04307032,-1.70147514
-3.2981658,5.53126049,-1.23639214
-0.21043301,0.81843162,-1.72233963
-0.48721218,-1.66612101,-0.94342321
-0.41339684,-3.50832033,0.16513646
0.59363461,-4.16520405,0.59491265
1.88312054,-4.08233166,0.67473119
2.99536371,-3.82794547,0.48777437
3.62036467,-4.11514568,0.48383087
3.38641644,-4.3850112,0.25762951
3.57389832,-4.47683716,0.19326079
4.06852198,-4.4827261,0.04297984
4.18976212,-4.04693031,-0.34624076
3.37100315,-2.16285396,-0.61317015
3.19710588,0.38249493,-1.44852877
4.72804785,1.84386778,-2.1369946
6.73424959,0.90454865,-3.12180233
6.98985815,-1.65723324,-3.5520215
6.22297192,-3.44109297,-3.0846765
5.48608303,-3.16160631,-2.1884253
4.93349075,-1.78495455,-0.70656872
4.81850147,-1.10779142,0.28516436
3.2777791,-0.38122272,1.11478996
0.97817707,0.24239826,2.67834949
-1.33953524,-0.27976036,3.86632633
-2.1710844,-1.66785955,3.56924391
-1.14772701,-4.4460597,2.78721094
-0.68211651,-7.8690033,2.4407382
-5.7517705,-7.25624418,5.70666075
-6.2281518,-2.01800919,7.05829096
-4.35745239,3.22558069,7.40846443
-2.14751863,7.42360306,7.72358942
-1.86827803,9.62318134,7.10594177
-3.28017473,10.12503052,9.1120491
-5.49239111,9.66825581,9.12159061
-6.54937363,6.41726494,10.12305355
-7.60671759,3.50132108,10.63301945
-10.9369545,1.96191454,10.09497452
-14.59838581,-0.20456648,8.89204597
-18.817173,-2.48155928,5.77885342
-26.76888084,-2.11486673,1.01727438
-60.21349716,11.97310066,-1.42316031
-71.16377258,37.96870804,-18.59623146
12.59263611,0.52786493,6.75683737
40.88188553,-12.52202225,39.88539124
14.66200256,0.78541446,37.00614929
-22.01754189,15.03371048,-3.71443582
-11.81894207,-0.51950431,6.69219923
10.38044834,-2.60976195,15.84098053
-0.4600668,5.83705997,7.1230545
-3.28954411,1.41243148,2.54361463
4.22146988,0.40363097,7.41202116
0.30908298,0.78704667,2.86938381
0.83636856,-4.71719122,4.23159409
0.19905567,-5.14471531,3.0745821
2.22030401,-3.49648905,1.7239027
1.78138256,-3.53092909,3.75097036
1.68519974,-0.40387869,4.18159246
2.225214,-0.89825344,5.67000294
2.53014469,0.08783627,3.28813457
1.66534042,-0.60050344,2.83375859
1.37035799,0.90173578,3.2205801
3.20771074,2.23920918,3.56592512
2.31117773,2.29641247,3.45737886
2.48784256,2.15295362,3.31903315
2.49370527,1.4244535,3.36138916
1.86476469,1.57898784,2.79361582
1.56126499,0.95525479,2.54552603
1.63533878,1.06230545,2.46531487
1.43665886,0.5588448,2.19638395
1.32441044,0.21390891,1.9165082
1.25877047,0.38277078,1.9371357
1.32845926,0.38474464,1.74618864
1.14312649,0.40487695,1.81454182
1.17838526,0.26995206,1.76269865
0.65607357,0.21368003,1.62253046
1.03443432,0.0846293,1.4531517
0.66822195,0.21349692,1.90110159
0.82563925,0.24066925,2.25459528
1.43323565,0.58605337,1.76639462
0.92934608,0.62167835,1.53433943
1.05281067,0.44257164,1.91393709
1.13031197,0.66400623,1.99978304
1.0084734,0.80352688,2.32310152
1.21636534,0.59463739,1.92291975
1.25726414,0.33162451,1.74212742
1.01169538,0.06409264,1.58896542
1.05360174,0.04686379,1.49804735
0.45519352,0.34828782,1.59572697
0.7573657,0.22978783,2.21268034
0.61743927,0.65575886,1.81510973
0.95611191,0.59400678,1.43847847
1.06462765,0.77596331,1.46283007
1.17411613,0.38744521,1.18642759
0.15732145,0.25098753,1.46931648
1.20329952,-0.07241726,1.53909826
0.51315832,0.0189786,1.33700752
1.64754152,0.51149392,0.27568483
0.0020175,-0.25880814,0.65066576
-0.66198254,-0.25345087,1.31215572
0.60274363,0.1827991,0.39749289
0.29595566,-0.53945303,1.51189089
1.66161156,0.5553267,-0.4536047
0.33938122,-0.83294964,1.71163082
0.70597982,0.44838905,0.52466822
0.56947851,-0.26795149,0.98538351
-0.06545448,-0.56072283,1.97142792
0.57832241,-0.59762764,1.39956665
0.7310276,0.14913034,1.32992887
0.93095779,-0.11227417,0.91685009
0.58293056,-0.12474728,0.65745211
0.90381479,0.75922871,0.50914812
0.62042379,0.0588007,0.71103573
0.81283331,-0.49865103,0.67919302
0.47762156,0.30557537,1.1754055
0.35498476,0.21590519,0.98282909
0.49204397,-0.37561226,1.27627707
0.22243404,-0.49201107,1.12166977
-0.00747681,-0.41314268,2.03691673
0.16633892,-1.01980686,1.39462042
0.78153896,-1.03877735,1.33223534
0.24169111,2.36183023,1.44196653
0.81146574,-2.50592518,-0.85973024
0.95063972,-0.00861216,2.34487104
0.0156827,-1.51739645,2.63335466
-0.4929986,-1.01741505,3.27124119
-0.14048195,-0.31393862,4.68835545
-0.19450903,0.09116983,5.9320302
-1.18634033,0.77475643,7.51139021
-0.67471266,-1.51353455,9.53309536
-0.32031345,0.45666075,11.77151489
-2.55722618,1.36889434,11.75454235
-0.47797155,0.67830753,14.94883251
-22.19540977,2.30043983,18.23725891
-25.71453094,4.31266737,13.58057594
-18.66956329,10.31150818,15.81752682
-15.10582161,19.2756691,7.69915533
-20.40885925,36.59471512,0.78189635
-42.51663971,31.420187,14.8825531
-38.83136749,16.41332245,16.69441032
-27.23846817,0.96614349,11.51774406
-19.99623871,-4.02595425,12.56915665
-13.3778429,-4.4404068,10.42477131
-12.50040245,4.56240082,8.57311249
-14.01192093,11.83269501,5.21653175
-15.2825098,13.81627464,0.16489241
-17.91965485,15.44446182,-2.86252069
-17.42798424,14.2914362,-9.23350334
-11.14772987,4.93580103,-15.34372044
-11.52098656,-4.15914059,-19.05235672
-15.21783924,-8.11569977,-17.72976112
-17.26524734,-3.72788,-17.89817047
-15.70590782,3.02771401,-18.00341225
-12.13085175,5.92818022,-16.42750168
-9.67631626,3.10495877,-15.8264904
-9.32571602,-0.76299429,-12.20181179
-8.50379562,-2.2184391,-9.13376808
-7.64636946,-1.49662638,-4.09962177
-7.79283094,0.79700041,0.92820579
-11.39197445,3.4975698,3.10172272
-12.47894859,2.37875938,7.65986729
-16.57669449,0.45534086,10.8980484
-18.26116943,-1.08193588,13.1303587
-21.37052536,-3.01508331,14.42938328
-24.15018463,-2.94667244,15.98144436
-24.68683052,-5.88832188,15.46965981
-25.97049904,-10.69352341,15.68761063
-29.24596405,-12.39171505,16.14081383
-30.95793152,-9.42383575,17.67196655
-31.71683502,-6.04311562,19.15240097
-38.15616989,-4.92909145,22.35486221
-41.4849205,-1.03516006,27.26239967
-54.81780243,9.21120167,28.00736237
-64.64865875,18.36270142,27.27534103
-73.75157928,24.44787979,21.95674706
-77.26784515,27.59822083,15.31096935
-77.36653137,27.7279377,16.37851715
-77.01294708,34.26597595,18.65526581
-76.46211243,40.3462677,9.27591038
-77.16587067,42.16699219,-14.20293617
-44.69300079,43.92874146,-26.5334549
-37.75137329,47.78490829,-52.98915482
-39.5061264,48.68996429,-72.97660828
1.10621381,54.96494675,-73.22490692
44.49858093,51.39802551,-73.5692749
8.10071182,-2.120121,-42.93032074
-24.32988358,-31.4457283,-14.59141922
-35.45331192,-12.59362698,6.63582563
-19.24684334,-14.94119453,24.7236042
0.31527841,-11.88620567,4.40979576
-4.48476791,-2.21261692,17.25882339
-4.69327164,13.03019238,9.00752163
-4.55539894,2.84562969,5.70765209
-8.29007816,5.65990448,8.7786808
-6.72984219,10.49503326,3.43634129
-4.79545879,5.22510481,4.25900173
-7.77051973,16.10243225,2.41449547
-10.75270844,23.46384239,2.97000265
-12.3312006,11.32853794,1.53851986
-16.13384438,-1.25241458,-1.0662899
-19.16029739,-8.16232491,-0.6155014
-17.07930946,-11.46884251,-3.43949318
-21.9461174,-6.86599159,-4.08245659
-24.82140541,2.70748281,-3.99365997
-26.17058754,3.19926929,-2.20911121
-26.87075615,-0.36613846,1.34476662
-26.43499374,-3.98881245,4.5655179
-24.75284004,-6.25242138,6.26681471
-25.47698784,-5.16549015,6.69778681
-23.8757019,-3.56173563,7.77651405
-23.24615097,-4.48632956,9.26591492
-25.66496658,-6.09783745,10.60667419
-28.04922295,-5.31717873,12.5386734
-27.32145309,-4.40012312,15.3483696
-26.01290703,-6.22601366,16.84647942
-25.45193481,-9.76983452,18.64041901
-23.98573303,-12.87568474,20.74184799
-21.28844452,-15.01839542,22.53893852
-19.09383202,-16.53434563,24.31863022
-17.12907791,-18.20919228,25.62645912
-15.67521763,-19.68252182,27.21370697
-14.15147877,-18.81099319,28.4684124
-11.96563721,-17.26159096,28.90995026
-10.50779915,-15.70917511,28.45003891
-8.84802151,-14.47077179,26.82817078
-8.0969429,-13.73283768,24.21294212
-7.93077087,-12.54422379,21.48960114
-6.86769867,-10.67655373,18.29943085
-5.75768566,-7.97937632,15.79387379
-5.36576605,-5.76694632,12.84264755
-5.75107384,-5.31070852,10.01734066
-6.72958565,-5.41019773,7.60272741
-7.24804974,-4.27035189,5.39334869
-6.91291618,-1.88149929,3.26210117
-6.14467907,0.55320311,1.71290445
-4.97720146,1.21572113,0.58392477
-4.58304739,2.5218153,0.31030416
-3.52536917,5.20137882,-0.55012226
-2.63705206,7.07115841,-1.62608004
-2.85790825,6.97431421,-1.58362818
-3.69306755,6.09208775,-1.19083977
-4.00312662,5.90120888,-0.95072651
-4.01596498,5.84870243,-2.22023869
-3.99567795,6.06505299,-4.73933506
0.7978673,2.92988586,-6.56320858
1.7618351,-1.27010298,-8.37589264
0.46690845,-3.76956224,-8.83123589
-0.43909264,-3.91290331,-10.84071541
0.05649567,-5.58441544,-12.19823837
-1.07495213,-9.58996391,-13.12938499
-3.72926426,-13.09212017,-12.16954231
-6.84418106,-14.69528484,-10.73623085
-8.46398258,-13.79768276,-9.46539497
-7.97357273,-10.99973106,-8.6673975
-5.09409332,-9.1672554,-7.83737326
-1.8672142,-8.79796696,-6.82404089
2.83295918,-12.01144409,-6.77099991
3.03931856,-14.42973328,-3.49860239
2.4767127,-12.62449169,-1.86765683
0.34411526,-11.36120987,1.54701924
-0.6325407,-11.60788441,5.06023407
0.15908051,-11.19674015,6.94870996
1.35869408,-9.27270412,8.10818863
1.80790758,-6.89130497,8.76515102
3.80233812,-4.1368618,8.42068195
3.40191221,-2.38409495,9.59925842
2.05997658,1.21719217,10.77263737
4.36545563,5.94903564,11.14284039
6.14844131,7.86250973,11.7125473
3.80260944,5.70645857,12.28895378
-0.26817894,3.62780571,13.03623581
-2.17025566,1.51575613,13.12056637
-2.53858089,-0.08447838,13.007061
-3.18566322,-1.56146288,13.03719711
-6.00675583,-2.22263932,12.1380558
-7.96683788,0.578107,9.34941864
-6.07314968,4.51118279,5.48032188
-5.79468155,4.12879133,3.97703075
-15.36153126,6.9858613,4.78418493
-51.01414871,20.49183464,-0.2276096
-3.81334686,-17.80477715,-2.71936893
31.24110413,5.09093714,28.78853035
18.01873016,8.2803793,38.71801376
-19.86719894,8.92175961,-0.64125627
-9.73046017,6.92853737,4.53383207
8.63185501,0.310431,14.91701412
-1.34860802,-0.67062616,6.18560553
-4.68869734,3.81979275,4.14619827
3.30463552,-5.00616646,2.77746201
-0.15442419,-2.43159771,3.45407176
0.28676224,-1.29665232,6.17563868
0.09270573,-2.25289774,4.5120635
0.00688505,0.72706556,5.50225687
0.26289558,0.00584459,6.02707291
-0.09767485,0.41266012,7.63611269
0.83810949,0.68931293,7.7114954
1.25938988,-0.01042843,6.54797029
0.98769093,0.69543457,4.86828327
1.12255764,2.06848621,4.5011487
1.16612005,2.92588449,3.59293365
1.53571558,2.45159459,3.25471449
1.5622282,2.99185061,3.60888815
1.8923111,3.483953,3.52351689
1.57804298,2.79460239,3.24172068
1.4767561,2.83702874,3.09587049
0.77235413,2.53472185,2.6840868
1.00822592,2.94817829,2.9400239
1.134583,2.77013993,2.84453154
0.98093462,2.90655947,2.78767204
0.89191675,2.71125102,2.65035582
0.80087423,2.54685211,2.44154072
0.8784585,2.80295086,2.38862848
1.04631281,2.11130691,2.14143562
0.52632761,1.41437435,2.12815285
0.92138672,1.61354804,2.13763475
0.81418371,1.25188899,2.28681993
0.91148376,1.48736978,2.52780581
1.12153673,1.28193641,2.74299002
0.76658964,1.46773124,2.02344799
1.01310968,1.20827866,2.05112267
0.80682802,1.48540664,2.09508657
1.03139162,1.47949767,2.06355143
0.91206741,1.84188223,2.08251047
0.6482625,1.14342022,2.00172758
0.89513779,1.33632088,1.96346998
1.00472116,1.69542265,1.8968854
0.93489599,1.77446938,1.94314337
0.98831749,1.89264297,2.20112896
1.31366682,1.9115963,2.1297884
0.81997252,1.53043938,1.71589184
1.0771265,1.42079687,1.88970184
0.55188513,1.06616116,1.44456434
0.59448814,0.69258571,1.49728537
0.54197454,1.1808846,1.58058023
0.49661016,1.19438696,1.5291748
0.52818251,1.09731436,1.39432859
0.73060751,1.05220366,1.42102337
0.65890408,1.10180616,1.52670813
0.70465374,1.00154233,1.44024706
0.60591793,1.05608702,1.45371246
0.59469652,0.9009161,1.27903843
0.48514986,0.86308265,1.44268608
0.64713335,0.92362428,1.34161568
1.04308653,1.09847927,1.32973051
0.90678024,0.76605177,1.49016237
0.66454554,0.79072714,1.29307127
0.31909895,0.35479903,1.29757452
0.64147806,0.56097293,1.33204174
0.19119787,0.42022681,0.97422218
0.18305206,0.32010961,1.06340122
0.26488781,0.55687284,1.29140997
0.5997076,0.47030473,0.65586996
0.74083996,0.65603852,0.92738676
0.58565712,0.5655961,0.29882574
0.98645782,0.45950365,0.36724329
0.33137941,0.30986571,1.0982337
0.03930855,0.1881144,1.38898182
0.14794731,-0.66605639,1.36287498
0.55802107,-0.48769927,0.36364841
0.82189703,0.7612915,1.76621914
0.49063873,0.42246938,0.61751127
-0.0529995,-0.10976458,0.39049864
0.1951108,-0.61158061,1.01629734
0.30086088,0.41926265,0.78180838
-0.18879938,-0.11263013,1.71201563
0.29198408,-0.29404926,0.64351606
0.13537359,0.61450362,1.86213732
0.48916006,0.09053969,0.78281879
0.08792257,2.10653806,1.35727549
1.05955172,-1.77414703,1.27433825
0.15973425,0.06834531,1.69808435
-0.1666584,-1.14091396,1.47986698
0.0577507,-0.3554945,1.82357168
-0.38215351,-1.19598675,1.51101732
0.18120003,-0.28496695,2.35489559
0.72644758,0.34069514,4.04873228
0.49744415,-0.29483366,3.85893202
0.86377907,0.81774068,5.29233313
-0.40976715,0.767838,6.33107853
-1.09973717,0.99871516,7.14599037
-1.6652441,0.80869651,8.55652809
0.71662045,0.95068169,11.81816006
2.00000668,-0.33089066,11.56497383
-2.90253067,-7.55129337,16.29379463
-21.44537926,-7.25255775,23.38471603
-26.73715782,-1.13270688,19.21824455
-19.9478569,5.05525112,21.5347538
-12.66857052,11.00641155,21.38824654
-15.44697762,27.01282883,13.89947891
-26.85826683,45.67010117,5.32017708
-52.60826874,38.00857544,18.29548073
-29.29380226,-0.9685235,12.00575733
-20.07194519,-5.02470493,9.2460413
-16.66342926,0.12732267,4.5997386
-16.38188744,4.3915019,1.23573542
-14.28789902,4.4000411,-2.33197069
-16.25282669,6.93196201,-5.70652246
-14.87717247,6.83276272,-8.9480238
-9.08853912,4.40854597,-13.14729118
-3.95914173,-1.36989164,-16.92334557
-8.56544876,-6.08809042,-18.07461929
-9.67782116,-11.1368103,-17.23815155
-10.69150925,-5.73890877,-16.95804787
-8.703722,-2.54092789,-14.12869358
-6.97096252,-2.52124739,-11.70045662
-4.86568403,-4.31609678,-8.13467503
-6.3341713,-6.46334982,-6.92093801
-5.54832268,-10.57798004,-2.27483344
-8.36527157,-13.27343273,-0.77710414
-11.7468853,-16.43005562,1.57868767
-16.08543015,-17.1330452,3.9847312
-21.96510696,-15.17904949,5.51772833
-25.47552872,-11.68930244,6.50500154
-28.96709824,-9.84192848,9.18165398
-30.17608643,-8.73718452,11.87987137
-32.27864838,-9.51159382,11.32670879
-35.56242752,-12.70611095,13.98248959
-40.41631699,-15.32203674,15.76684761
-45.06419754,-12.58519077,17.15044975
-47.69099426,-5.45552826,18.66841698
-52.39354324,5.87795305,20.82497215
-54.13169098,13.18987656,22.0288887
-56.08177948,17.5567894,21.91313744
-67.64981842,32.13204193,19.79903603
-69.28539276,36.14920425,20.15558815
-74.27990723,35.63007355,11.87323666
-79.11048889,39.58905411,7.51922131
-79.48007965,42.59910583,0.27614856
-72.56446075,36.24816895,-11.13156319
-56.87565994,28.31785965,-18.14061356
-54.34625244,40.54449844,-18.96302414
-36.03477478,14.76800346,-34.59062958
-38.58030701,-5.3572588,-66.52135468
-28.00127411,-2.57037735,-77.2535553
16.66973114,30.94407654,-77.54505157
29.04432297,62.18733215,-59.00531006
-15.45296764,29.97354889,-33.96482849
-34.25014877,19.38459396,-29.77227402
-27.74563026,20.08470726,-5.47337294
-24.27094269,15.58907509,-2.32747746
-16.27306175,6.76593208,-14.0863905
-18.61891174,-9.91073227,-8.87374496
-19.70276451,-7.98860168,-3.83426332
-30.31139565,-5.81418228,2.00603151
-24.21839333,2.17581844,-0.26150358
-20.37391472,10.6755352,-2.5456214
-22.45478249,13.3664732,1.76357102
-22.38803673,10.83861637,2.83469725
-21.57636452,5.61333227,2.81334925
-21.84588051,2.1892314,5.16541481
-21.31917,0.30317974,7.17915154
-20.71351814,-5.03492785,10.18520069
-21.36160088,-8.72424889,9.12815952
-22.92738152,-10.50973701,8.05428791
-23.33447838,-2.70112705,5.18685246
-24.82896614,-6.02619076,7.4068222
-26.07969475,-10.66235924,10.0104866
-26.26504135,-14.14909554,11.30720139
-24.09729195,-16.66093063,11.92006588
-22.40920067,-17.89177704,14.22155285
-20.72481918,-16.48645401,15.72705936
-19.45420074,-14.07350445,15.87789249
-17.827425,-13.96013641,15.25131989
-15.9919405,-16.48792648,14.93342018
-14.01698208,-18.07276535,16.41362762
-12.90161705,-18.72130203,19.00797081
-11.72408676,-17.42088318,21.57139397
-10.10655975,-13.1535635,23.64337921
-7.20953846,-9.42590523,25.81821251
-4.19516468,-8.92998409,26.82760048
-1.71867061,-10.78770447,27.18003273
0.21988897,-11.49651718,26.67979622
1.06593966,-10.34789848,25.77327728
-0.80220103,-7.52570343,24.42837906
-2.51345205,-3.40171528,22.40173721
-2.79583478,0.44793987,19.89126778
-2.48678017,2.23332357,16.26531792
-2.19667578,2.20829725,12.34816933
-1.82532239,0.59263515,8.63403416
-1.95396793,-1.54962444,5.2651577
-2.10735536,-3.20913696,2.75769615
-1.77146888,-3.58606911,0.54335165
-1.89841735,-2.67049503,-0.59866285
-3.98226738,-0.32595825,-1.70839715
-5.96427822,2.58044147,-3.0709672
-6.73181629,4.79229307,-4.55900192
-7.20776129,5.49646282,-6.23240089
-6.95120955,4.77301836,-7.75276232
-7.01004124,1.02136993,-8.91883564
-6.57584095,2.13143969,-8.57076645
-5.69001293,5.32380438,-7.4232645
-4.83319283,8.68414211,-6.64072895
-4.574687,10.95987988,-5.59560299
-4.3971653,11.28812504,-5.24485016
-4.3804245,10.29585743,-4.77952003
-3.62271023,9.3357439,-3.97296715
1.3609252,5.02155209,-4.06403399
2.07912874,5.84402275,-3.0368619
2.83175611,6.28901148,-1.90106988
3.49421263,6.12354708,-1.14851713
4.06762075,5.47216988,-0.58930266
4.09784794,5.27426767,-0.35427094
3.99030256,5.49156809,-0.09758067
3.5629549,5.34865189,-0.18656945
3.36148024,4.81957293,-0.35970831
2.31712484,4.09175348,-1.03194237
1.3301568,3.18818617,-2.66839957
1.82332373,1.20696235,-4.05071163
2.33197927,-0.66453552,-4.55788422
0.73457146,-0.98483944,-4.19915485
-1.6716423,-0.06858969,-3.37222743
-2.78923607,0.68646073,-3.75995398
-3.20770264,-0.93011045,-4.12272644
-4.5763216,-2.87752581,-3.79180098
-4.35737991,-4.12279749,-3.53065991
-2.8545332,-5.82815504,-3.82567143
-1.85018063,-7.46877861,-2.99166632
-1.94218206,-8.17813301,-1.30536556
-5.44323492,-7.12462187,0.37558198
-9.55093861,-5.52130699,2.20960617
-10.59775448,-4.60758448,3.60703659
-9.91270161,-4.69627857,4.80184221
-9.54696274,-4.55097008,5.83061457
-8.72188759,-3.77111244,6.45991325
-6.31783724,-3.29460907,7.0678978
-1.18331051,-4.89488697,7.90522385
0.8879385,-4.7116847,8.92524529
0.3004384,-2.34555626,9.28380299
-1.55219078,0.74964905,10.94466782
-3.82606602,3.99262905,11.37715149
-5.69407034,6.59080935,10.9420166
-5.80889416,7.73708344,10.6319828
-4.6897645,7.79731894,9.87571144
-4.15007305,6.60782719,9.12001991
-4.35184717,5.55501699,8.81105232
-3.94024706,3.99241996,8.33943176
-3.56620169,1.67983437,8.05155468
-3.85792446,0.06996107,7.60881138
-3.63763714,0.1333704,7.59069824
-4.6255579,2.27221584,6.94168758
-5.14561701,5.21347904,6.62110615
-19.14024544,7.44522905,11.41539764
-50.05499649,12.2948885,23.35696983
-31.31602669,14.87555122,1.07270586
-3.44824219,-2.49240351,-2.44175839
2.6949482,-10.14612961,13.80066872
14.71138382,1.63398957,21.65708733
1.26603699,3.11206865,11.02600479
-11.52421951,5.05751419,8.52837563
-7.72437572,3.97499323,1.36469781
2.90021086,3.63966942,8.25890446
2.44370461,2.41892648,5.56636763
-1.51866722,0.79145956,4.48886681
-0.43207645,1.31366587,5.36559105
0.61623478,-0.69333029,6.42968464
1.07121038,0.44624519,4.29187727
-1.45628548,2.42832375,3.18935227
1.06497097,1.52931881,5.65803146
-0.34532881,1.51445961,3.0479672
0.44979858,1.31354618,3.45957136
0.1034627,-0.48049068,4.1340313
1.81587982,-2.08365488,7.44599867
4.07937241,-0.56138897,8.65553093
0.55635309,-3.15634727,7.4754467
0.00533581,-0.5281868,4.62974358
0.86746073,1.46119642,3.63890648
1.188694,3.33533335,4.05717182
1.08815336,2.95342851,4.12946224
1.23374081,2.32902408,4.4872756
2.08805323,2.86026525,4.31297779
1.77195835,2.3328321,3.49433112
1.67236423,2.03765202,3.15725732
1.56554747,1.85804963,2.97004628
1.65044832,2.21368289,2.89741349
1.59753132,2.49485493,2.90368128
1.43827915,2.3590169,2.76475906
1.29542255,1.991961,2.68867016
1.30888987,1.34764791,2.47186232
1.24266148,0.99102092,2.31304264
1.14226151,0.77586269,2.21962786
1.26607275,0.93115354,2.11566734
0.92414284,1.11961699,2.14739037
1.07574844,1.00928521,1.51680756
1.04412985,1.3797462,2.34056807
1.01791477,0.87112403,2.11083889
1.03021479,1.19087648,2.21153116
1.00670147,0.85041595,2.01109409
1.12948942,0.81938934,1.9444766
0.91821194,0.84534478,1.94956875
0.85858059,0.728899,1.85405779
0.79461336,0.71444035,1.92606401
0.71877527,0.8567667,1.87791204
0.86518764,1.41787434,2.02536917
0.90960741,1.18413663,2.20780706
1.04874134,1.38511658,1.81334496
0.90314054,1.19791484,1.84358692
1.01519108,0.97529745,1.70521021
0.84945679,0.70822215,1.5055232
0.81693554,0.3419385,1.38034868
0.56786251,1.0984211,1.54704189
0.73275566,1.07108974,1.4930501
0.7649231,1.09001374,1.58376122
1.40286636,1.45029092,1.66349602
1.27746773,1.14545584,1.16728926
1.41768265,0.88825035,1.41892862
0.81761169,0.50745606,1.44902325
0.82567883,0.61703539,1.07833004
0.77626467,0.4967761,1.28352976
0.5407958,-0.30832815,0.98531914
0.48357677,0.04855633,1.27473354
0.84518576,0.02259541,1.66054821
0.55775547,0.15058565,0.56502151
0.58215284,-0.18367386,1.56186295
0.17318106,0.2197938,1.48129177
0.3602767,0.22732592,1.65902328
1.35998011,0.40354252,1.4440403
0.76068592,0.11335802,2.54547071
0.46707821,0.25363398,1.89710331
0.30925512,0.08957291,1.83710814
0.33942223,-0.01441002,1.8080616
0.00494385,-0.05096102,2.14454317
0.03996563,0.55521774,2.65342331
-0.42805624,-2.21905804,1.00537443
0.2876935,-0.34932613,4.13530302
0.1708746,-1.08504963,4.27544212
0.03834581,-0.63373566,5.16220522
0.29431248,-1.46432638,8.08296967
-1.3406086,0.44775629,8.81205559
-0.19358587,-1.02875805,8.95902252
0.56432581,-4.47292614,8.26163483
-2.60818148,-1.17587185,9.33303642
-2.14423609,0.66502213,10.7005682
-6.86015987,-1.55487967,22.01807785
-19.11201096,-2.06140757,28.86703682
-29.44640732,1.78333688,21.03122711
-21.76691437,8.01138306,19.68127823
-7.07455826,29.81132317,6.43103552
-25.44988632,42.57286453,10.79654789
-42.87548065,25.25946045,17.53791046
-32.38017654,6.06211662,19.35038757
-25.95646667,-6.4360795,16.07316399
-18.51555443,-9.8539238,15.39718246
-10.69415569,-2.78762436,11.45743179
-9.22032166,2.08812761,7.21937275
-13.13743305,3.01238132,3.45656347
-17.79972267,3.29886365,-2.54479575
-22.35055161,11.33005333,-8.87995434
-17.0732193,10.18058681,-12.97776604
-10.05815315,0.75661564,-17.8694706
-15.10852242,-2.14052486,-22.00988007
-20.41215706,-9.50646782,-16.53271484
-19.81920433,-6.0979619,-16.63211632
-17.71024513,-0.58008432,-14.90260506
-14.9104805,1.821208,-12.58751869
-13.02792263,-1.54900312,-10.42707253
-12.0010128,-5.35801077,-6.85831165
-11.49342537,-7.71506214,-3.40919018
-11.78706932,-9.07788086,-1.06771135
-13.70507717,-9.6187191,1.70401764
-15.51838493,-10.22259998,2.90467739
-18.91989326,-10.7301178,4.32723951
-21.15545845,-10.46260262,5.67811012
-24.02093887,-9.3763895,5.86984015
-25.53909111,-7.84867954,7.91705942
-24.71385765,-10.05888462,9.32433605
-22.50486755,-16.44027519,9.46998978
-22.80028152,-19.43533325,12.24637794
-29.00186539,-31.98748016,19.53429604
-38.58470917,-27.21372795,26.30896378
-47.62630081,-14.25415134,32.23241043
-58.43310928,7.8117981,40.43295288
-67.14213562,28.08756447,40.51029968
-75.65480804,33.43351364,37.88829041
-77.86286926,38.84141541,30.52917671
-78.29589844,40.00301743,26.16253281
-78.55171204,49.93820572,17.48911858
-78.70809174,48.56241608,5.47941208
-78.73236084,45.32086182,-7.42839813
-62.00712204,40.84184647,-27.56793976
-42.00736237,52.32144928,-35.29747391
-34.78587341,27.38175583,-56.79711914
-31.0958252,11.86959648,-74.46892548
3.45344591,33.85969543,-74.66300964
26.85988808,62.84329987,-65.09899139
-20.18926239,42.36279297,-32.71138
-33.27055359,14.36696911,-22.29245186
-10.39344788,9.29189682,-5.63161945
-12.03990364,10.30142498,-3.28317928
-14.53411579,14.10961056,4.33985949
-14.52364635,15.25849819,5.1303196
-8.98315811,12.48151302,6.52283192
-6.34430218,11.57750702,2.8352921
-6.75447464,9.06953812,1.73644519
-9.38447857,5.56652927,2.87032866
-10.84689808,4.29814434,3.53026485
-10.8573494,-1.55835915,3.14835858
-9.70933628,-10.67751503,4.61288214
-13.6026535,-10.65659714,5.22767496
-16.24580002,-9.85677528,3.59267569
-16.82842255,-11.95591831,-0.55805063
-19.46538162,-15.79621887,-3.73302174
-24.23715019,-16.57614517,-4.26758957
-25.04842377,-10.73230171,-2.90674186
-27.23114967,-8.11728096,-1.41637373
-29.33467484,-8.53727627,1.1441443
-29.21104622,-10.71877384,2.62421513
-26.37487793,-14.51865864,3.29939985
-24.78226471,-13.70582008,5.82154751
-23.11677551,-9.42636585,7.29603767
-24.24942589,-7.74429035,10.24360275
-24.32024193,-8.38879776,11.88458824
-22.6172924,-9.04105091,14.57745934
-21.29016113,-9.55725098,16.83051872
-20.32060242,-8.75809193,18.78557205
-18.4118309,-6.94371128,20.75815201
-15.60925102,-6.2008934,22.67884636
-12.7053833,-6.05933475,24.37039566
-10.26604366,-6.0871973,25.90262985
-8.62470531,-4.88461304,27.16238785
-7.14999008,-4.08278275,27.45462418
-4.66912651,-3.98040867,27.99787521
-2.26930428,-4.21927452,27.98688889
0.58158016,-5.84057713,27.36288261
2.41835213,-8.47501183,26.45755386
2.94986916,-9.12459373,25.38527489
3.862782,-7.7899909,22.82211685
7.45038509,-8.94294453,17.51812553
3.18965721,-2.34708166,16.6190052
3.13246131,-2.46821976,12.10984802
2.65499616,-4.45583391,7.00110865
1.16604948,-5.27263498,3.13234568
-0.78755856,-2.63501263,-0.47068977
-1.02676821,1.03089666,-3.25392294
-0.82972908,4.44525957,-5.95457458
-1.14040184,6.59628725,-7.44547701
-1.2966404,6.50887537,-8.88904095
-1.59959745,4.65016174,-8.88845634
-4.28945684,3.75395775,-9.67635727
-6.96550083,4.71317387,-10.45773315
-7.48236036,6.24225378,-10.27378845
-7.48937798,7.43686247,-10.41102982
-5.18892765,4.5901804,-11.0859766
-3.19801903,3.36925793,-9.46560001
-1.53787613,1.65624952,-8.27248287
-1.3868103,1.32573855,-6.4614563
-1.59285069,1.8357842,-5.14140797
-2.29549408,-0.91454554,-3.15758228
-2.61558342,-2.88409758,-2.42781878
-1.95861244,-4.63242722,-1.41847146
-1.7016201,-5.31659126,-0.41052246
-1.3410635,-5.06554604,0.08252537
-1.66635704,-3.96064329,0.2161622
-1.56093025,-2.80038238,-0.25776124
0.13792324,-3.10471201,-0.44389796
0.23327255,-3.74583697,-1.85245419
-0.16015434,-4.57822132,-2.77267218
1.08623791,-4.40752316,-2.87682033
2.68834686,-3.32476902,-3.911273
4.13575125,-2.86448097,-3.99529839
3.31232309,-2.11353874,-3.7437892
2.64248228,-0.94388151,-3.04630613
3.64052582,-2.31166291,-1.97832465
3.00304317,-4.69947577,-0.46273565
1.05395985,-5.65707397,0.70411611
-0.32554245,-4.82033634,2.28188825
-2.42041397,-2.58305097,3.2231617
-2.13582993,-0.1375432,3.26763487
0.0248642,0.94346046,2.59200621
1.62060976,0.92056155,2.02314377
1.7088666,0.42363191,2.25169063
0.20995903,0.53341866,3.3663249
-1.02607918,2.15084457,4.21971464
-0.52985859,3.29213047,5.30616808
-0.81015968,2.8666091,7.10370636
-1.94564342,1.36911464,8.2874651
-2.58450985,0.76332569,9.63628864
-3.04816437,1.8245132,9.83036518
-2.57401943,2.36570549,10.28516483
-2.38484001,4.74683237,9.27826214
-1.03847599,4.80705404,9.13811111
-1.9525795,3.63285851,9.72027397
-4.96519089,3.34505534,13.46937084
-9.19964504,2.39345241,14.07723808
-11.59906387,-2.10739613,12.45956326
-25.22649384,0.8608284,8.52798176
-55.79367828,15.82143784,-2.97304273
-54.30780411,27.41995239,-13.13418388
1.42442608,-6.55335426,3.84360409
27.70614433,-17.86051941,26.24080276
14.62068939,-0.43707991,26.99892235
-8.04749012,4.73557568,2.18063068
-13.31993866,4.02300978,1.92729819
8.45625496,2.37988257,12.12530327
3.87832642,-2.25425816,8.20804119
-2.82112598,-0.51199627,2.90361547
1.83907318,1.50941277,5.28801727
2.46228933,-0.35856819,4.00304127
-0.72320461,0.1689229,3.62968683
1.76623726,1.08678818,4.85013723
0.24139309,-0.94780207,3.99987841
0.72936726,-0.53884411,4.68213987
0.98465109,-0.43725586,4.92176533
2.10992813,-0.75016737,4.72900581
2.41083956,-1.56687069,4.74783993
2.10466766,-2.65287018,7.10262442
2.44397354,-1.29894495,5.30166721
2.1966939,0.02847528,3.55884624
-0.88139725,-0.83072186,1.97334909
2.18459892,2.8139894,3.43149328
2.18425274,2.09016609,3.23374081
2.24099112,2.07933426,3.31283474
1.69792366,1.54429007,2.97866535
1.81654739,0.85016894,2.52179623
1.28470516,0.80451941,2.51791
1.44438553,0.99589229,2.28198481
1.24895334,0.92789197,2.18722343
0.87349939,0.6965003,2.24147987
1.28802919,0.67000222,2.08987808
1.41022301,0.28377986,1.89025211
1.04634666,0.23520327,1.53071308
1.02993011,0.09495163,1.52417898
1.11903477,0.52991414,1.62975788
1.15798473,0.36105013,1.84130812
1.22916842,0.57726955,1.72354317
0.96566868,0.62525916,1.82418442
1.10371399,0.67978764,1.90183544
1.2250495,0.4265871,1.71146679
1.3480382,0.6741941,1.6476984
1.27117634,0.87718582,1.67861652
1.07021236,0.51915717,1.61358643
1.151227,1.08867955,1.90522957
1.19213343,0.45158601,1.64365053
0.96659994,0.30719185,1.56917143
0.99613667,0.61950374,1.64569855
0.76878119,0.67667294,1.56664515
1.11475515,0.74357224,1.46760798
0.74422312,0.04071403,1.33762455
0.78423738,0.6909883,1.65910292
0.69077253,0.4777565,1.24670839
0.84524918,0.75896144,1.36050844
0.9324131,0.75157523,1.08348894
0.92443657,0.7447896,1.24511433
0.79541731,0.29368496,1.15189457
2.50090981,1.86718035,2.70175409
0.75968838,-0.71219134,-0.19319105
0.41495657,-0.0968399,0.81402254
1.12213278,0.47340345,1.55103064
0.4859519,-0.02297926,0.62858868
0.59374094,0.78493285,0.61900854
0.82153749,0.49908257,0.73449373
1.23837566,0.27527738,0.92084551
1.18065166,-0.09471178,0.98788548
1.17848635,0.2856226,1.97566462
0.61679792,-0.0796895,0.69759941
0.6656847,0.39412141,1.02993393
0.88047266,-0.43634415,1.36378574
0.44037724,0.56130505,2.37066412
0.54790401,0.69950485,2.2135582
-0.34642315,-0.27955866,1.57618999
0.1286931,-0.14710331,2.39848328
-0.06238031,-2.09395885,2.06914091
0.56992865,-1.39342546,1.1667819
0.59046841,-4.40036917,2.24748516
0.25541639,-1.42921209,3.98690271
-0.28561354,-2.75188303,4.33420753
-0.76047659,-1.4851408,6.13086653
-0.78247404,-1.56574535,7.98992109
-0.39626122,0.06139898,9.48644447
-2.16848135,0.85868049,12.71835232
1.58164597,0.78438282,11.89522171
1.10169315,-2.66410971,12.51472282
-10.64768696,-4.28718138,26.85388565
-22.25386429,-3.81997347,24.88826752
-32.37112808,2.14108753,18.61515236
-17.71269608,11.10220909,21.69232178
-12.22706032,21.39639282,13.56775665
-28.57632446,40.23642349,5.01632786
-48.09640884,31.9077034,24.03146362
-41.31835938,14.27392387,19.08707047
-27.71391487,0.74634504,15.2833252
-19.75266647,-5.70719671,15.84102535
-9.61590862,-2.34612274,11.38143539
-11.75589752,4.62980413,8.92285538
-11.24423695,13.76002026,9.07708549
-16.02325439,15.31855297,-0.31810156
-15.6364336,17.86859894,-4.25049305
-13.68164063,19.64837646,-9.71056843
-10.99274826,13.21098137,-13.80118084
-13.30739021,8.1467247,-19.14731789
-17.97311401,5.55734015,-21.41230774
-20.54047203,5.56637287,-21.47335052
-19.54711914,7.59244633,-22.76108551
-16.74411392,8.40241146,-22.56476212
-8.17689133,-1.2736311,-19.06009483
-6.1844058,-6.09153605,-14.2363615
-5.31404829,-11.187253,-9.56169128
-5.23141575,-14.09862232,-5.49870682
-7.51905394,-15.64062119,-2.38852978
-8.68107891,-16.09933853,2.76134419
-12.54229927,-15.4477005,5.22339725
-17.74980164,-14.24850368,7.98109436
-19.64465714,-13.35645294,8.8768568
-23.92147064,-14.42183208,11.16210365
-25.76848221,-14.97042942,13.18024063
-28.67015648,-15.27900314,15.58443832
-32.24399948,-14.47156715,17.38807297
-36.08839798,-12.40885925,20.97047615
-39.38206482,-8.00213718,24.74031639
-41.2770462,-3.01161003,27.38851357
-45.23875809,1.11799049,28.43715668
-48.83102798,5.29493523,30.18358612
-48.86288071,12.06821823,31.64535522
-58.46390152,19.41955185,32.03318024
-67.43338776,18.74467659,35.25896835
-72.43935394,22.99554443,30.290802
-78.84005737,26.38960648,23.45004654
-79.52025604,33.00699234,20.07958794
-79.65981293,39.6151123,13.45527744
-79.68710327,40.15356064,3.39276028
-70.94189453,35.54153442,-13.14735794
-52.66681671,40.81406021,-20.63490677
-47.06600189,35.09457397,-45.88941574
-38.22125626,28.04875565,-73.61598969
-4.90750074,40.27695465,-73.76886749
46.10819626,72.30615234,-74.13498688
18.86409569,37.11130524,-24.78754044
-21.95311737,4.75798798,-29.16938782
-34.57759094,2.04851341,-19.48051071
-30.04657745,-0.89481354,37.543396
-23.40034294,-13.44012833,7.21863508
-9.07289696,-6.2324419,14.20260239
-3.58468175,-2.41056728,5.19015694
-2.05631733,0.9595294,7.015769
-2.02923274,1.44459152,4.35613585
-2.31825042,4.13575792,1.59987712
-3.7000823,11.19312,-0.18960094
-4.86700344,17.64746094,0.69999933
-9.02542305,13.30433655,1.86047792
-9.52509308,2.88277626,2.530653
-9.4411087,-6.27315426,2.45445299
-11.53126144,-12.5853653,3.13462377
-13.37434483,-15.63351345,3.05506301
-14.07800579,-15.84614754,2.64546776
-15.20665455,-14.84736156,3.50550485
-17.48231316,-14.45844364,5.79703236
-16.03587914,-13.84989452,6.82510138
-15.56099987,-13.04548359,6.83101034
-16.68950081,-13.71524525,7.28479099
-17.88088226,-15.3256197,7.00988579
-18.68277931,-16.48578644,7.63248873
-19.41941261,-14.66086006,9.05702591
-18.96232224,-2.4902935,7.12276077
-19.02799797,0.54764462,7.91291666
-18.73987579,0.72022438,8.7882719
-19.93634033,-1.07719278,9.65866375
-19.85625458,-2.60565805,9.94152641
-18.46032906,-4.13743448,11.20044708
-17.27723312,-4.83654928,12.388731
-16.40259361,-5.89026356,14.06888199
-15.62981796,-8.76940727,15.92287922
-15.16251945,-12.86452675,18.31503487
-14.25570869,-15.17520714,21.76509094
-12.52241707,-14.18701172,25.31087494
-9.96117592,-13.05581474,29.33794975
-7.72264099,-14.23847771,32.72570801
-5.27675438,-17.52554703,34.78896713
-2.00664973,-21.55426025,36.64582825
1.32176661,-23.4541626,35.69348526
1.08900976,-19.94040298,33.91376877
0.0476194,-14.75302124,30.77800179
-0.87473625,-10.12231064,26.42173004
-1.88003194,-7.33605003,22.26383018
-2.35554385,-5.34597921,18.30341721
-2.23580956,-4.16688347,14.34563255
-3.16912818,-3.28579092,10.7574234
-5.32526827,-1.94825792,7.37780762
-7.52214336,-0.03577089,3.83469772
-9.80185413,2.21850634,0.22322416
-11.92424297,4.85010004,-2.86126947
-13.33090591,7.68643618,-5.79867172
-13.33235455,9.800951,-7.50975227
-12.44227219,11.25007915,-8.38779926
-12.27627659,13.09252453,-8.75811863
-11.37702084,14.63157082,-7.9506526
-11.36308384,15.4030323,-6.73917198
-12.05295658,15.84036636,-4.76935959
-11.72792149,15.82711029,-2.50397205
-11.40146255,15.17179108,-0.48943043
-11.21462631,13.92478943,1.07260084
-10.13902664,12.53076744,2.44217777
-8.80641937,10.79521751,3.32789755
-8.14716721,8.8907814,4.48628187
-7.49843407,7.68723536,5.25695562
-6.60093975,6.34505749,5.49022818
-5.96549559,4.43596697,5.47738886
-4.61387253,2.22720766,4.81338024
-3.11325836,-0.56385136,3.49921823
-2.17820072,-3.59518385,3.0657146
-1.30703926,-6.1841383,1.91798949
-0.65398312,-7.37658501,0.21272993
-0.15976238,-7.52606678,-1.97442055
0.84581375,-7.19416809,-3.91214752
1.92632961,-7.05093622,-6.65872622
2.87602949,-11.54157066,-10.45148945
1.11181068,-14.15970612,-10.55639458
0.89280415,-15.1138792,-9.41450596
0.87029171,-15.90581799,-8.53781796
-1.01020336,-16.44352913,-6.74420404
-4.02897835,-14.6659832,-4.48986578
-4.90615273,-10.79330063,-3.67552471
-3.76992607,-8.95585823,-3.33846593
-3.6699152,-10.19501209,-3.59253192
-4.62507534,-10.68575859,-3.9055531
-5.647645,-11.10210228,-4.32288742
-5.81995106,-8.08390903,-3.48868799
-9.19213009,-8.98444462,-2.09117746
1.21134472,-0.1325261,-2.01515055
-5.95735073,-1.56223321,-3.11587572
-4.56309605,-1.11734796,0.74681211
-1.13259506,-0.37655067,1.01767492
-1.17858791,0.70199627,1.73422444
-4.7781086,-1.54484189,2.21339846
-5.34489059,-4.61890888,3.69279003
-4.60608482,-6.27022266,3.47993279
-4.56763363,-7.13568258,4.57165241
-4.3117981,-4.91289616,4.97698641
-3.38654804,-0.72047138,5.66013336
-2.21130371,2.44977856,6.75144482
-2.27523518,3.7661767,7.7806139
-2.15766525,3.49529052,9.16444111
-1.29441261,2.43908668,9.68796253
-0.66642094,2.02548456,11.44261169
0.28950882,0.65205473,11.52622223
1.28716564,-1.28117228,11.92652988
1.90687227,-1.61148477,11.86548519
-5.03997803,-2.55374026,14.46466446
-7.10174847,0.24142364,9.32457447
-9.50747013,3.91536045,0.84919953
-23.10622787,0.61616051,-6.49363995
-29.87686539,-4.13163948,-7.53272486
9.40300083,-3.41840768,4.04100657
14.94524384,3.27179456,8.89488792
5.07490635,5.81379223,10.09048939
-7.19977188,3.87497306,3.01958585
-6.39249611,-0.14822769,1.21386468
1.06293392,-2.24256468,4.113657
0.8339262,0.06261539,4.63813925
-1.88609028,4.06796455,3.30437708
-0.63933945,3.04587293,4.96935749
-0.58196688,1.72246552,3.95555949
-1.41150331,2.81555057,4.50231552
-0.64367819,3.65328074,5.28422642
-0.65012407,4.31017303,4.97641087
-1.69561815,4.83169842,5.47386789
-0.44655704,5.36484146,4.63021469
-1.71054506,6.0253377,6.10173988
0.20302916,3.98895073,5.0694232
-0.23781109,1.97015524,3.45763302
-0.25276661,1.12253094,3.9069767
-0.09168434,0.28855848,4.10408306
-0.35782957,0.96077251,4.02805424
0.02368402,1.34450293,4.3559227
0.05415249,2.60924268,4.52780247
-0.01950359,2.69326258,4.82699394
0.35286283,3.43658638,4.70730352
0.44157553,3.15477824,4.55142689
-0.04997015,2.69599843,3.93188977
0.67695618,2.20127869,3.7766335
0.04368448,1.77396202,3.49436498
0.4205451,1.98314285,3.44543767
0.25727415,1.99311042,3.12816238
0.16439152,3.03403878,2.79330182
0.53742409,2.84291649,2.8838079
0.64819574,3.01076555,2.81812048
0.85315704,2.85351372,2.74235392
0.43043232,2.72287059,2.63937807
0.32217693,2.93525243,2.65702295
0.59785843,2.72309303,2.38602924
0.42904997,2.53751874,2.11934662
0.42351627,2.34414339,2.31719065
0.70434093,1.83453608,2.35377979
0.51642704,1.91631222,2.23102331
0.16776133,1.7830224,1.83547354
0.17632961,1.79216003,1.91237497
0.41238785,1.92708898,2.07246304
0.35038853,1.90570831,2.08179665
0.40831804,1.91370535,2.02832556
0.42539597,1.84833169,1.93804264
0.50895357,2.0259676,2.01671267
0.52833176,1.91528225,1.99979639
0.27559614,1.64256477,1.88386631
0.29570484,1.33307314,1.73913956
0.19573545,1.30849671,1.66521454
0.2888217,1.51883221,1.62552071
0.35911274,1.60125208,1.89809132
0.46781349,1.5349884,1.70615387
0.46050406,1.71213436,1.74939156
0.50686789,1.29799104,1.59841537
0.37620115,1.58832932,1.72394085
0.48094654,1.50501323,1.68496418
0.67599916,1.42954087,1.75294924
0.84021902,1.51259923,1.70814753
0.63275623,1.42304492,1.54299355
0.36819887,1.47879457,1.80983973
0.31955671,1.56514883,1.65297031
0.29396105,1.18034649,1.5249486
0.34522772,1.14960885,1.4687109
0.33752155,0.93999195,1.31033373
0.59637451,0.71121693,1.43893862
0.93177652,0.7518301,1.58778811
0.12803221,1.00046587,1.40787888
-0.5306139,0.87287307,0.97547293
0.11282015,1.50427675,1.2599349
0.28022528,1.55134749,1.31525135
0.29058743,1.04387522,1.15342283
0.52867508,1.12266493,1.36062956
0.3107667,0.94768071,1.23793983
0.35320282,0.90531754,1.37866211
0.45778322,1.05511236,1.26379299
0.42145157,0.84119081,1.19814444
0.43082523,1.54894781,1.45709515
0.54060411,0.87892866,1.26780939
0.13225603,1.11411619,0.96667576
-0.31758976,0.98996425,0.8251667
0.15346909,0.19862771,1.0741539
0.16043425,0.58472276,1.31832409
-0.0521121,0.57466054,1.27071571
0.29953003,0.85066628,1.27492237
0.28189993,0.62649107,1.2578063
-0.01170969,0.7223568,1.1797905
0.05933809,0.79191709,1.2834692
-0.03643894,0.79665756,1.28266764
-0.46004105,1.0197196,1.65340042
-1.40659046,1.29862094,1.99687195
-1.22315168,1.64816856,1.67831039
-0.25659418,1.20961142,1.35426283
0.12099552,0.98424006,1.45240784
-1.30515099,0.88402081,2.04120588
-1.99817705,0.74958158,2.53473091
-3.20723486,1.41931391,2.74668646
-3.29130459,3.19746447,1.92587614
-2.63528633,4.56967592,-0.01584911
-2.64116335,6.65134621,1.78231239
0.11573124,9.10151291,3.34713078
0.86159182,6.94618988,-0.9118495
-2.1637373,3.92991519,3.5362215
-0.01794291,2.3702836,1.48466158
1.42128992,0.48085785,2.18983221
0.79078054,0.54961038,1.47846174
0.41653109,0.22460866,0.5549345
1.31344748,-1.58079338,-0.18217039
2.05384302,-3.60829282,-0.70746803
2.4250226,-4.11150885,-1.01450062
2.54555273,-2.99168086,-1.29107857
2.30083275,-1.64628005,-1.34940147
1.72208738,-0.79470158,-1.1659832
1.30907106,0.22330594,-0.89090443
0.72319269,1.2270515,-0.69356966
0.55002499,2.08767653,-0.50953341
1.24446487,2.30480242,-0.88593483
2.04295111,1.49029279,-1.1638155
2.20872736,0.54665828,-1.1847558
2.25993443,-0.06538844,-1.0730443
2.28495646,-0.37415361,-0.32453728
1.97106743,-0.83729196,0.16196251
1.25039434,-1.54158664,0.74043131
0.74663639,-1.88010859,0.95580149
0.34713936,-2.0137701,0.8460536
0.04693127,-1.88967347,0.72182941
-0.19269848,-1.91904068,0.36498833
0.23731613,-2.41190815,0.2491188
0.58954525,-2.08528042,-0.64436436
0.29998779,-1.5964005,-0.72956324
0.18202448,-1.1348989,-0.60919094
0.99133015,-0.41169071,0.79150581
2.04894352,-1.20291924,0.90089226
3.15007138,-1.90534782,1.78973055
3.44234014,-3.72433162,2.58766174
3.39667797,-6.37589598,2.39886284
3.09508252,-8.10468674,0.25651169
0.70958567,-6.08197117,-0.88656521
-0.1405468,-2.26828575,-1.33801508
-0.84779978,0.66419315,-1.09972763
0.33065796,1.70649648,-0.1572237
1.22251225,1.84415841,0.99595976
1.668396,1.30229664,2.07034588
1.75996399,0.77551174,2.58095598
0.98992443,0.71015191,1.83853579
1.24501753,1.46958542,0.84871387
1.09952021,2.00587821,0.59432936
0.26119232,1.62691307,1.19929552
0.1514101,1.34187269,1.50763702
0.44613934,1.09661627,1.27670527
0.36522532,0.28866959,1.18649054
0.35781002,-0.47614074,0.59788179
1.37762928,-0.2749083,-0.10371971
1.56432104,0.2672503,0.54382801
1.56975842,0.2617712,1.34136009
0.42149305,-0.11795211,2.07422972
-0.20443869,-1.40304065,1.29615164
-1.82142162,-1.82282495,0.96859503
-2.14873552,-0.98953128,1.18459511
-1.01651382,0.37187076,1.24535561
-0.99616194,-0.0546906,0.93584442
-0.76925707,0.79337049,0.68341684
0.67522287,2.02602386,0.60547781
0.34727573,1.86852634,1.21979618
-0.60102654,0.93887091,0.98456335
-0.30664444,0.46985221,1.00299311
0.73103333,-1.32395935,0.67094088
0.78600502,0.99466109,0.73559952
0.15750742,0.38311958,0.42661142
-0.07873201,0.62809134,1.0065856
0.13446903,1.40306163,1.15221262
0.03865767,0.70150757,0.82243967
0.00881338,1.09040666,0.70932484
0.15027809,1.33806396,0.71044493
0.17012405,1.61865556,0.92369986
0.45671129,0.9814465,0.65066624
0.52462721,0.5948,0.58145428
0.3996377,0.70390153,0.40911674
0.18514395,0.58164716,0.58086967
0.39659548,0.8098762,0.30766106
-0.09442902,0.1681881,0.17348385
-0.62362671,-0.07173562,0.13824511
-0.32318544,-0.10001945,0.19130278
-0.1760726,-0.09851766,0.33219242
-0.30926752,0.06899571,0.38445568
-0.41988039,0.22159147,0.45429039
-0.14661407,0.61314535,0.49393082
0.11629343,1.03073215,0.70700645
-0.14875555,0.73643565,0.58763504
-0.18838882,0.46925831,0.2326293
0.02356625,0.53757691,0.40367794
-0.01404428,0.18454266,0.32601261
0.19552183,-0.37493992,0.32992268
0.14478874,-0.55510926,0.36778593
-0.40421343,-0.51068187,0.11425781
-0.14479017,-0.21245575,0.05971146
-0.31860733,-0.04838252,0.30841208
-0.0566082,0.1575985,0.35016108
0.08912325,0.29643965,0.32906389
0.31233215,0.62105274,0.6976738
0.44519138,0.89762974,0.54502487
0.07744694,0.42516637,0.29130125
-0.03999281,-0.05866981,0.15130329
-0.13013744,0.01081944,0.26660538
0.05534887,0.11860847,0.32139349
-0.12129879,0.01589155,0.39403057
-0.03796721,0.1842227,0.34620667
0.01177835,0.2606945,0.38056278
0.10868931,0.41910362,0.33936024
0.06928682,0.36653709,0.39268208
0.12844467,0.44738436,0.3586607
0.24316359,0.44794154,0.40105391
-0.04081011,0.03238106,0.23044825
-0.14803219,-0.07464647,0.16342163
-0.07808638,0.01494336,0.25523567
-0.08194017,0.13561845,0.27493715
-0.18140602,-0.07475209,0.16646051
-0.10012913,-0.22067046,0.14488077
-0.27489948,-0.28664851,0.22335434
-0.18285179,-0.17632794,0.27618504
-0.2197504,-0.01252389,0.27283239
-0.1958909,-0.01362181,0.25859928
-0.14161301,0.0948503,0.27228355
-0.09298468,0.14825392,0.30806971
-0.0384779,0.27212453,0.32542992
-0.14254236,0.02030087,0.2526226
-0.14298868,-0.11322618,0.18546724
-0.17720366,0.01747942,0.30389309
-0.14963388,-0.04948831,0.16896152
-0.05483913,0.01227975,0.21455193
-0.10540581,0.122612,0.22917843
0.01246786,0.11272526,0.25041151
-0.01283979,0.11296654,0.27263689
-0.07879496,0.18960166,0.30916786
-0.10532904,0.22127438,0.21657133
0.04439068,0.1501286,0.24734497
0.01398087,0.11260295,0.24324131
0.04397774,0.18865108,0.2712326
-0.00984192,0.11266375,0.23637724
-0.15354395,-0.02370548,0.22713661
-0.09671021,0.01457405,0.14876318
-0.11157703,0.14835763,0.24264956
-0.0811429,0.08924103,0.16955042
-0.02202702,0.09414482,0.22645378
-0.0862546,0.06127501,0.20833778
-0.06130934,0.32346392,0.17672348
-0.04470015,0.14735198,0.14855814
-0.139184,-0.02421165,0.19339371
-0.12070847,-0.06537724,0.13975382
-0.03043175,-0.1170361,0.16097355
0.00764179,-0.04345608,0.20489597
0.02584028,-0.09836793,0.26421404
-0.06950569,-0.03067255,0.17695332
-0.22180367,-0.2947154,0.1057024
-0.19503832,-0.60892916,-0.34454584
-0.35411406,0.03299475,-0.22830439
-0.21478653,0.18250346,0.00716925
0.0612545,0.29997945,0.13719702
0.26458406,0.28520298,0.60895872
0.35888577,0.06151223,0.7433238
0.23329926,0.10973811,0.88645172
0.16658115,-0.22169948,0.76070881
-0.09842634,-0.07429957,0.83310843
0.17782736,-0.08136058,0.28048801
0.15625381,0.00045061,0.17254829
0.015378,-0.08036041,-0.41495943
-1.46475315,0.10028076,-0.45495462
