-5.20678234,-5.48195648,5.44845724
-3.66341138,-7.51107025,5.75234556
-5.41256475,-6.02273464,5.80020189
-6.22612429,-5.41495752,5.05842686
-7.5206418,-4.37647247,4.81914473
-8.74815941,-4.27836657,4.77607393
-9.03769112,-3.96251416,4.9698925
-8.15952492,-4.64925432,5.20678234
-7.39860725,-4.76411009,5.5848484
-7.49671364,-4.43150759,5.48913527
-7.78385162,-4.00319242,5.45563555
-6.62333345,-4.13958311,4.45782852
-6.65683222,-3.95294309,5.84566545
-6.39122915,-4.50089931,5.30488729
-6.44865704,-3.73041058,6.03230619
-7.11625481,-3.52702045,6.26440954
-7.2813592,-3.71605349,7.1760745
-7.24307442,-4.04626322,5.41256475
-7.1593256,-4.29990244,6.4941206
-7.51107025,-4.26400995,6.00837755
-6.91286469,-3.66819692,5.5872407
-7.34596539,-4.39082956,7.08036232
-7.20718098,-3.71605349,7.0468626
-6.23569584,-3.58205533,7.44885683
-6.65683222,-4.16111851,6.85783005
-6.67597532,-4.16829681,7.14496803
-6.46779966,-3.91465759,6.78843784
-6.66879702,-3.77826667,7.02532768
-6.62333345,-4.05104876,6.75733137
-6.81715155,-3.51027083,6.81954432
-6.43429995,-3.52223492,6.81236649
-6.51087046,-3.59641242,6.47497749
-6.86979342,-4.05822706,6.42951393
-6.56351233,-3.52941322,6.51804876
-6.47019196,-3.8428731,6.39362192
-6.53719187,-3.40259409,6.60419035
-6.52762032,-3.38105845,6.64726114
-6.63051176,-3.23509598,6.70468855
-6.33140898,-3.24945307,6.60897589
-6.49651384,-3.62273359,6.57069063
-6.49890614,-3.81894517,6.55872679
-6.45583582,-3.80698085,6.44865704
-6.6017971,-3.88115835,6.42712164
-6.56111956,-3.76151705,6.59222698
-6.52762032,-3.75912428,6.48215675
-6.54437017,-3.45284295,6.57069063
-6.47976351,-3.52702045,6.51565552
-6.66640377,-3.69930363,6.32662296
-6.60897589,-3.86440825,6.33140898
-6.54437017,-4.03190613,6.30030203
-6.53240585,-3.79023099,6.36490774
-6.47019196,-3.6011982,6.43669271
-6.48454905,-3.53180623,6.46540737
-6.2931242,-3.19202518,6.61854744
-6.05862665,-3.06281281,6.83390141
-6.17826796,-3.10109806,6.7357955
-6.22133875,-3.09631228,6.79083014
-6.1615181,-3.36670136,6.72143888
-6.01077032,-3.41216493,6.80997324
-5.9198432,-3.44805741,6.94636393
-6.39362192,-3.85244441,6.61615467
-6.49651384,-3.96251416,6.45105028
-6.60897589,-3.92422915,6.4008007
-6.5060854,-3.95294309,6.53240585
-6.53479862,-3.90508676,6.54437017
-6.48215675,-4.00079966,6.36730099
-6.54197741,-3.89312243,6.50847769
-6.64247513,-4.01994181,6.46779966
-6.59701204,-3.80458784,6.1686964
-6.34098005,-3.64187622,6.36490774
-6.59222698,-3.83808756,6.26201677
-6.69033194,-3.72323203,6.33858728
-6.60658312,-3.96969271,6.34098005
-6.45822859,-3.87637258,6.40319347
-6.46779966,-4.02233458,6.38644361
-6.43669271,-4.13001204,6.43908548
-6.61854744,-4.08933401,6.22373152
-6.52044153,-4.14436865,6.3529439
-6.40797901,-4.08215523,6.25005293
-6.57547665,-4.12044048,6.24765968
-6.6352973,-4.32622337,6.08255482
-6.57069063,-4.11565495,6.30030203
-6.72143888,-4.32143736,6.18066072
-6.50847769,-4.26400995,6.22373152
-6.48215675,-4.32143736,6.10648346
-6.17587471,-4.33340168,6.20698261
-6.24048138,-4.27118874,6.33858728
-6.45822859,-4.232903,6.19501781
-6.40797901,-4.29511642,6.14716148
-6.34098005,-4.14197636,6.24526739
-6.41037226,-4.38365078,6.07059145
-6.4941206,-4.59182644,6.10409069
-6.41755056,-4.49132776,6.12562561
-6.46062088,-4.1754756,6.22612429
-6.40558577,-4.06061983,6.09930468
-6.28833771,-4.02712059,6.26919556
-6.42951393,-4.12044048,6.07059145
-6.11366177,-4.05583477,6.26680231
-6.14955425,-4.15633297,6.31705189
-6.46779966,-4.45304298,6.080163
-6.36730099,-4.25922441,6.32901621
-6.38644361,-4.44586468,6.4223361
-6.41755056,-4.3956151,6.18066072
-6.70708179,-4.27358103,6.04426956
-6.34576559,-4.35733032,6.18544626
-6.44387102,-4.14915419,6.24526739
-6.46301413,-4.18026114,6.27876616
-6.27637386,-4.24726009,5.82413006
-6.4725852,-4.71864605,5.95094967
-6.2811594,-5.02971315,5.83609438
-6.47019196,-4.40757895,6.01316309
-6.39122915,-4.70668173,6.15433979
-6.60419035,-4.26640272,6.12323284
-6.43429995,-3.67776847,6.12801886
-6.43429995,-3.20398951,6.71904564
-6.21894598,-3.84048009,6.6927247
-6.41276455,-4.39322233,6.0179491
-6.57069063,-4.6085763,6.19980335
-6.36490774,-4.56789827,6.14237595
-5.96769953,-4.61336231,6.3529439
-6.3098731,-4.35015154,6.39122915
-6.23569584,-4.54636288,6.1686964
-5.61356163,-3.24466753,5.59681225
-5.819345,-4.42911482,6.65922546
-6.36969423,-4.1324048,7.46560669
-6.24526739,-4.33818769,7.58046198
-6.48933506,-4.55593443,7.36989403
-6.38405037,-4.18743944,7.00618458
-6.12323284,-4.7784667,7.86042261
-6.24526739,-5.40777922,7.8341012
-8.07816887,-7.08275461,6.64008331
-5.98205662,-11.16012478,7.1401825
-6.98225641,-4.5583272,11.44965649
-7.72642422,-7.42014313,10.23170948
-6.80518818,-5.14456844,10.92323494
-9.53061199,-2.27078867,12.63171101
-8.89412117,-4.22333193,13.37827015
-8.32941628,-7.4010005,12.48335552
-7.46560669,-5.60399008,11.72961617
-16.04387665,-7.17368221,24.79442978
-26.65365028,-6.88893652,20.54955864
-24.69871521,-2.29950261,22.00439644
-19.16650963,2.29710984,28.31666183
-13.97169209,9.39661407,21.75315094
-15.57009697,15.51266956,14.29711533
-25.35674286,20.20260048,15.03410435
-35.06920624,10.96630478,14.70150185
-38.54597855,1.50747836,18.89372826
-37.4093895,-1.60079837,20.09971046
-33.50669479,2.01236367,14.80678749
-30.45106125,6.10648346,8.1954174
-29.38864708,3.43848586,2.11286235
-29.20918465,-0.24646074,-2.172683
-23.52623177,-4.31665182,-6.63051176
-18.30030823,-8.35095119,-11.33001423
-20.1427803,-13.06720448,-13.33520031
-25.49073982,-17.73560143,-13.56969643
-30.3314209,-19.73839188,-12.92602825
-30.41277504,-18.2596283,-12.21775246
-26.64407921,-16.80957794,-11.40658569
-23.32762718,-16.99382782,-10.13599682
-19.30050659,-19.08993912,-8.01595592
-16.16830254,-21.33679962,-4.87657261
-16.58943939,-23.24866676,-2.28275275
-17.84567261,-22.41835594,2.99342132
-20.74816513,-18.89372826,5.82891607
-23.2534523,-17.36949921,8.47298527
-24.04786682,-21.56890297,8.61416149
-29.37428856,-22.13121605,9.91107178
-34.64328766,-21.85125732,10.36092186
-35.33002853,-22.22693062,9.25304508
-39.72085953,-25.04328156,9.2243309
-40.48177338,-27.07957649,8.81755161
-42.10171509,-27.2949276,9.32004452
-43.10430527,-24.71785736,12.19860935
-48.75854874,-10.21256638,20.1164608
-58.03073502,3.77826667,26.09612274
-61.89274979,12.05025578,31.64029312
-69.57610321,19.70010757,33.89911652
-78.39844513,24.07179642,31.9011116
-78.39844513,25.92862701,23.27020264
-78.39844513,21.92782593,19.61635971
-78.39844513,20.7194519,14.52204037
-78.39844513,15.05324745,3.31645203
-78.39844513,18.00359726,-7.84367275
-77.83612823,23.26302147,-33.33680344
-49.28975677,-17.29532242,-78.40083313
-68.17630005,-5.20678234,-78.40083313
14.93121338,78.39844513,-78.40083313
57.38227844,77.97491455,-22.32024956
-29.96771049,7.62831879,-39.03411484
-53.5633316,-1.08873439,-33.76751328
-43.62594223,5.13978291,0.64127642
-24.63171768,-8.49452019,13.99561882
-10.44945526,-14.67278767,-9.70050335
-13.44766331,-1.24426782,-10.58823967
-29.02493668,3.87637258,8.71466064
-20.10928154,-2.51485658,3.10827637
-16.79282951,-11.62672615,-3.54377031
-16.37169266,-12.10050297,-5.01774931
-19.15693855,-0.50009996,-0.50009996
-20.91566086,2.3641088,2.48614287
-23.58366013,-1.61276257,3.52941322
-22.07139397,-6.97747135,5.00817776
-21.71965218,-10.61695385,3.67776847
-21.62154388,-15.67298889,1.85443759
-21.54976273,-19.02293968,-0.22253248
-20.75294876,-16.61815453,-1.45962179
-23.03809547,-17.61835289,-0.45463631
-24.84467697,-16.34297752,1.67019022
-27.13460732,-18.07777596,5.03928471
-26.66322327,-21.00180626,6.93200684
-20.43231392,-22.44228363,8.16191769
-16.0893383,-21.56651115,8.92044258
-14.55554104,-20.76730728,9.05444145
-15.44088459,-18.54916191,9.43490028
-14.55314732,-18.3098774,8.03988361
-15.13938808,-19.9657135,8.20738125
-14.94796276,-23.34916496,11.20558834
-13.99083328,-24.5718956,13.8113718
-12.21296692,-22.90888405,14.90489197
-10.74616623,-22.18385887,16.4027977
-9.61675358,-22.29871368,18.29552269
-7.45364237,-22.39682198,18.26441574
-6.27398109,-22.68635178,17.36710548
-6.5850482,-22.26760674,16.28794289
-8.3007021,-18.90090752,14.62253857
-8.86062145,-14.81396484,12.43549824
-9.07119083,-12.15075302,9.32483006
-9.45404243,-10.38245773,6.10648346
-9.44447136,-10.04267597,3.34516597
-9.68614578,-10.46381283,1.08155584
-10.20060253,-10.27477932,-0.36849469
-10.71505928,-8.77926636,-1.86161602
-11.62672615,-4.82871628,-2.61774802
-10.70070171,-1.51944244,-4.13479757
-9.46361351,-0.82073814,-5.91027164
-8.94437122,-2.5339992,-6.49172735
-8.55673313,-3.66341138,-6.42712164
-8.91804981,-3.0771699,-7.59960461
-8.87019348,-1.85922313,-7.42492867
-8.49691391,-1.44526482,-7.48953485
-7.46082115,-2.56032038,-7.44167852
-5.77627373,-4.89810801,-6.71186733
-5.24985313,-5.39342213,-6.54915571
-4.07019138,-4.66839695,-7.31964445
-2.3425734,-5.16610432,-7.49192762
-2.48374987,-6.50847769,-7.93459988
-2.31864524,-8.35573673,-7.42732143
-2.79003119,-9.14058304,-6.57308388
-2.08414841,-6.90807819,-7.40817881
-0.0957129,-5.60399008,-8.98504925
0.00717847,-6.43429995,-11.526227
-2.88095856,-9.96849918,-11.68654633
-5.7284174,-11.14576721,-12.22253895
-5.7858448,-12.99781227,-12.44746304
-5.63031197,-12.96909809,-11.79183006
-9.28654385,-7.33878708,-12.94756317
-10.44467068,-3.92422915,-12.34217834
-9.32961559,-5.78105927,-11.90429211
-10.80120087,-9.34875774,-10.72941685
-12.66760254,-10.00917721,-8.31027317
-13.20359421,-8.37727165,-5.32881594
-11.61236763,-6.03709126,-2.90249395
-8.80080223,-4.26161718,-1.17487597
-6.84586525,-2.81395936,-1.04805624
-5.68295383,-1.0648061,0.5910272
-6.65443993,2.30907393,2.63928318
-8.59741116,4.86460829,3.78783822
-14.99582005,2.65124726,6.1591258
-26.49811935,0.7657032,10.20060253
-24.03111649,2.94795752,9.41814995
-14.94317722,7.32443047,8.13081074
-13.41895008,10.15753269,7.64506817
-15.49831295,8.24805927,8.84387302
-17.15653801,4.10608339,9.50907707
-18.02991867,-0.74177504,10.34656429
-17.67338753,-4.39322233,10.5164547
-18.31466484,-7.96331358,9.92542839
-20.98505592,-9.82732201,7.87238646
-21.87518501,-8.16670322,4.1826539
-23.68415833,-5.66859674,0.74656063
-26.27319336,-6.63769007,-3.87397981
-25.13421059,-6.96311331,-6.86740112
-50.13202667,5.97727108,4.72343206
8.82712269,-12.22732353,14.1942234
-19.40818405,-29.01536751,25.91187668
-19.77907181,-5.43410015,0.34935212
-11.52144051,-4.51047087,7.35314369
-4.33100891,-6.73100996,15.01017761
-12.21296692,-7.01814842,6.68315363
-8.46580601,-10.20778179,8.89172935
-7.26939535,-4.54397011,6.37926579
-8.14756107,-3.43609333,7.1760745
-7.14975405,-3.83569479,8.1260252
-7.68335342,-0.84466642,7.68335342
-7.54935551,-3.47677135,8.52562714
-6.41515732,-2.09132695,8.99701309
-7.1593256,-5.43170691,7.72642422
-5.819345,-6.86261511,7.53978395
-7.12343264,-6.37447929,7.70488882
-6.7142601,-7.61635494,6.79561663
-6.84107971,-5.45324278,6.13280439
-6.68315363,-5.46759987,6.16391134
-6.62333345,-4.62293339,5.83609438
-6.99182749,-4.02472734,5.63031197
-6.58744049,-3.39302254,5.4436717
-6.81715155,-3.20877528,5.17088985
-7.13061094,-3.58923388,5.09431934
-6.74058151,-3.09870553,5.2522459
-6.86740112,-3.53180623,5.62552595
-7.41057205,-3.96969271,4.97228575
-6.68554688,-3.55573463,5.69013262
-7.34835863,-4.40757895,4.79760933
-7.05404091,-4.74975252,5.11585474
-7.31725216,-5.49152756,4.71864605
-7.00139904,-5.05842686,5.11346197
-7.61874723,-4.28315258,4.85025167
-7.01097012,-3.60359049,5.30728054
-6.78604507,-3.7471602,5.40060043
-7.04207659,-4.01994181,5.11585474
-6.80279493,-3.8955152,5.60877609
-6.76451015,-4.31665182,5.78345203
-6.87697172,-3.94576478,5.89830828
-7.00379133,-4.22811794,6.47019196
-6.78125954,-4.52482748,6.07059145
-6.77647352,-4.22333193,6.1615181
-6.6017971,-4.44107914,6.15433979
-6.73340273,-5.01535606,5.85284472
-6.96550655,-4.76171684,5.86720085
-6.77886629,-4.5152564,5.42213631
-6.50847769,-3.42173648,6.58744049
-6.53240585,-3.85244441,6.28594542
-6.3529439,-3.69930363,6.4941206
-6.55633354,-4.3956151,6.18544626
-6.51326323,-4.36450815,6.24526739
-6.46301413,-4.30229521,6.31465912
-6.50369215,-4.33340168,6.13041115
-6.42951393,-4.16351128,6.1591258
-6.63051176,-4.4171505,6.08255482
-6.71665335,-4.43150759,6.04905558
-6.55394125,-4.41475773,6.04905558
-6.45105028,-4.35972261,6.17108917
-6.22373152,-4.25922441,6.04905558
-6.46779966,-4.40518618,5.74277449
-6.3098731,-4.68993235,6.18544626
-6.21655273,-5.0321064,5.73798847
-6.56111956,-4.5655055,6.14237595
-6.53479862,-4.12522602,5.94616461
-6.36012268,-4.70907497,5.60877609
-6.33619452,-4.78325272,5.93180704
-6.47976351,-5.04167795,5.1828537
-6.68554688,-4.96510744,4.87178659
-5.83609438,-3.34516597,6.77408075
-5.88873672,-4.52961349,7.01814842
-6.79083014,-4.67318249,6.23330307
-6.10409069,-5.19481802,7.21914577
-6.43908548,-4.26161718,8.72662354
-6.59222698,-5.64945364,6.12084007
-7.02054167,-4.07497692,6.94157839
-6.09691238,-5.25942373,7.16411066
-7.14975405,-5.31445885,6.12562561
-6.65683222,-3.05802751,7.85802937
-7.1401825,-9.81535816,2.68474698
-6.64965391,-5.37188721,8.00877762
-7.02771997,-6.33380127,6.7262249
-7.99202728,-6.23569584,7.20957422
-7.30528736,-4.63489723,9.09511948
-9.00897789,-4.38843679,8.73141003
-8.12363243,-6.89132977,9.17886734
-9.46122074,-2.91445804,11.86840057
-9.02572632,-5.11824799,13.52662659
-7.75274515,-5.02492762,13.51226997
-9.43968582,-11.3635149,12.19382477
-23.66740799,-1.2035898,22.21018028
-27.99363327,-2.27078867,24.34936333
-34.45425415,2.01714945,21.61436653
-24.95713997,7.5206418,22.15753746
-26.84507751,15.23749447,16.60858154
-29.4293251,24.21297264,4.49132776
-48.64130402,34.80360413,7.8341012
-55.28137589,16.9914341,13.14138126
-41.49393845,7.01575613,14.82592869
-33.09273529,-0.27038896,10.2029953
-29.47718239,-6.66161823,10.78445148
-22.61935043,-10.0833559,5.78823805
-21.76272011,-10.01635551,2.0530417
-29.02972412,-9.4061861,1.68933284
-31.33879662,-7.20718098,-1.00019991
-28.29752159,-7.21436024,-4.74257469
-25.07678223,-13.23948765,-8.84626579
-26.52204704,-16.11805344,-12.57667542
-24.42114639,-18.50609016,-14.79721451
-23.76072884,-17.07518196,-15.08196163
-22.01636124,-15.7184515,-14.22054577
-16.91725731,-18.33141518,-9.39661407
-18.86501312,-21.30569267,-4.7569313
-20.96352005,-22.68874359,-1.32562363
-22.05225563,-22.50449753,1.01934242
-25.26102829,-23.59562492,4.35972261
-30.27399254,-22.50688934,7.44646406
-34.0977211,-21.36312294,8.49452019
-38.69433594,-19.16411781,9.77228737
-42.09692383,-15.70409584,11.45444202
-43.86043549,-16.17069435,12.45703506
-46.7844696,-17.0033989,13.52423382
-48.99543381,-15.09631824,15.78305912
-51.88117981,-10.75573826,18.40319824
-53.04409409,-7.00857782,20.61416817
-55.38906097,-3.15374017,22.54278374
-58.59544373,4.28793812,24.94278336
-64.96273804,12.36371422,25.5888443
-71.70092773,15.28534985,25.97648239
-78.39844513,13.63908863,23.96172714
-78.39844513,17.1302166,21.43968964
-78.39844513,22.71745872,12.22493172
-78.39844513,21.64547539,-4.94596434
-78.39844513,17.85045624,-20.06860352
-66.88178253,30.95116043,-32.70270538
-50.4359169,19.45603943,-52.59902573
-45.76273346,30.17349434,-78.40083313
-8.14756107,48.69154739,-78.40083313
34.54039383,61.90950012,-78.40083313
-10.30349445,33.77708435,-45.45166779
-42.41995621,3.55094886,-39.85485458
-22.05464745,-6.55872679,-25.10070992
-15.01017761,-19.60918236,-10.25324535
-17.41975021,-23.09552574,-8.62851906
-20.54477501,-10.65523911,0.13160524
-23.77747917,7.1401825,-2.88335109
-15.12742424,10.2723875,1.03130651
-11.1003046,6.7142601,-1.9477576
-12.2105732,-0.73698938,4.20897484
-11.58365345,-5.24267435,4.62293339
-9.94217873,-7.41535759,4.49850655
-9.87757111,-11.96889973,4.11326218
-8.31027317,-16.75693703,0.96909314
-9.71725273,-20.01117516,-1.22751808
-13.09113312,-21.77947044,-2.70628238
-19.01336861,-16.7545433,-3.62034059
-21.7100811,-12.42353439,-4.49372053
-22.65524483,-13.71805286,-5.97248507
-25.4141674,-19.00379753,-6.2309103
-24.19143677,-20.46581268,-7.08754063
-24.74896622,-26.72782898,-6.64486837
-23.79901505,-23.54058838,-4.29990244
-22.5140686,-18.71905136,-2.84267354
-22.24128723,-16.26162148,0.35413775
-24.90928268,-16.01037598,3.29970264
-25.53620148,-16.81915092,5.33360147
-25.10549545,-17.42932129,6.67836857
-23.69612312,-16.73300934,7.88674355
-20.80319977,-16.91486359,8.9419775
-19.25025749,-18.96551132,11.301301
-18.9750843,-18.92962074,14.08176136
-18.01077652,-16.36929893,17.12303734
-15.5365963,-14.0434761,20.44188309
-12.97867012,-13.33759403,22.68156624
-10.16231918,-14.02911949,23.64587212
-7.39860725,-14.27797222,23.6554451
-5.20438957,-14.15354538,22.89452744
-4.14676142,-15.4863472,21.92304039
-3.89072967,-16.80718613,20.66680908
-4.1324048,-16.03669739,19.12104607
-3.27338123,-14.28993607,16.7282238
-4.01515627,-11.49990559,14.16072464
-4.94596434,-8.62851906,10.65523911
-5.01296329,-7.733603,6.80040169
-5.19960403,-8.51605511,2.61056948
-7.09232616,-8.35095119,-5.17567539
-6.85304403,-6.61615467,-8.39641476
-7.36032248,-3.99601364,-10.94237804
-8.54477024,-1.361516,-12.14836025
-9.84167957,0.70588273,-11.64586639
-12.29671574,2.41435814,-11.08355427
-14.27557945,4.67318249,-10.70788097
-14.15354538,6.53719187,-11.07876873
-12.62692451,6.37687254,-11.42333508
-11.48794079,3.98644257,-11.27976704
-11.27498055,1.10069835,-10.94477177
-12.3493576,-0.4235296,-10.32502937
-12.88535023,-1.14137638,-9.70289516
-12.28475189,-1.95015049,-9.14297581
-11.62672615,-3.55573463,-8.13559723
-10.43749142,-4.23529577,-6.48215675
-9.26740265,-5.01296329,-5.66620398
-9.1669035,-5.63988352,-4.86700153
-9.1860466,-5.52263403,-3.96729994
-8.11406136,-5.84327316,-3.8668015
-7.29093075,-6.62094021,-3.69212532
-7.20239639,-7.25503778,-3.47916412
-8.13320446,-6.8267231,-2.97188592
-8.99462032,-5.37188721,-1.47397876
-8.18584633,-5.12542629,-1.21794665
-7.24546719,-7.90827847,-1.79700983
-7.63549709,-11.77986622,-1.41655099
-9.53539848,-13.67498112,-1.33519518
-11.02134132,-11.81575775,-0.86620182
-8.23609543,-9.32004452,-1.06719887
-4.35972261,-9.34636497,-1.52901375
-4.85742998,-9.55454063,-1.59122694
-7.47517729,-8.71944523,-1.2897315
-9.48514938,-8.37487888,-1.52901375
-10.74377441,-9.05204773,-0.93080801
-10.15992546,-9.62393284,-0.61974102
-7.49432039,-9.35115051,0.24646074
-7.70488882,-6.42712164,1.82572353
-8.93958473,-3.52702045,3.95054984
-11.9712925,-1.53858495,6.78125954
-13.57926846,-0.84945208,9.05922699
-11.52861977,-1.34476638,9.37029362
-10.12163925,-1.77547443,9.2243309
-9.59521866,-1.99800682,8.42512798
-9.30568695,-2.05782747,7.99681282
-11.13380337,-2.64646196,7.07557631
-14.00997639,-3.21834636,6.53958416
-16.58465385,-3.45762873,4.95553589
-18.85783386,-3.38345122,2.50289226
-17.7954216,-0.84227353,-0.95473629
-19.60439491,2.35932302,-1.40937257
-23.57887459,3.18963289,0.11724831
-19.24068642,1.0743773,-0.67477596
-38.8163681,2.27557445,5.78105927
-59.83970642,7.39382219,2.5339992
-24.00479698,5.76909542,-2.66799736
10.3154583,-15.51266956,-1.45722902
3.10827637,-20.58784485,28.55355263
-3.5581274,4.14915419,23.38744736
-21.73879242,10.71266747,-0.73220378
-18.86022758,1.81375945,5.06560564
0.81116688,-7.64267492,11.47119045
-10.42313576,-2.45025039,9.14776134
-9.7698946,0.75134629,9.71485996
-6.3098731,-4.34297323,7.64746141
-8.04706287,-7.58285522,5.66859674
-7.55414057,-6.84347296,6.9678998
-6.47737074,-10.0905323,5.66141844
-7.32203722,-7.80299473,6.08734083
-6.34576559,-7.64506817,5.83848715
-6.01555634,-5.14456844,7.1401825
-6.52522707,-3.91226482,7.98006344
-6.6137619,-3.74476743,8.00399113
-6.52522707,-4.14676142,8.53759098
-6.68315363,-5.01774931,6.71904564
-6.67597532,-5.24745989,6.07776976
-6.69511795,-4.88375092,6.00598478
-6.56351233,-4.49850655,5.88155794
-6.32901621,-4.17068958,6.19501781
-6.00837755,-4.24486732,6.08734083
-6.72383165,-4.38365078,5.71645355
-6.20219612,-4.23768854,5.90309381
-6.54915571,-4.65164709,5.8480587
-6.45822859,-3.9170506,6.12562561
-6.41276455,-3.76391006,6.16391134
-6.4008007,-3.6011982,6.20458937
-6.51326323,-4.02472734,6.05862665
-6.43908548,-4.0414772,6.19980335
-6.43429995,-4.14915419,6.13758993
-6.49890614,-4.25683165,6.13280439
-6.52522707,-4.39082956,6.07298422
-6.40558577,-4.04865599,6.12801886
-6.70947504,-4.0342989,6.22851753
-6.58026218,-4.09890556,6.29551649
-6.56351233,-4.17308283,6.23330307
-6.38165808,-4.33818769,6.05384111
-6.52044153,-4.20658207,6.13519716
-6.53719187,-4.03669167,6.15673304
-6.5060854,-3.87397981,5.91505766
-6.5012989,-4.13958311,5.97727108
-6.5228343,-4.21136761,6.23569584
-6.57547665,-4.32622337,6.28355265
-6.39601517,-4.24247456,6.32183743
-6.47737074,-4.26640272,6.34337234
-6.4941206,-4.33818769,6.07059145
-6.50369215,-4.24726009,6.02273464
-6.38165808,-4.24008179,6.04426956
-6.46540737,-4.23051023,6.08734083
-6.4725852,-4.30947351,6.16630459
-6.40319347,-4.5870409,6.00359154
-6.78125954,-4.39800835,5.97966337
-6.65922546,-4.15633297,6.33619452
-6.32901621,-4.24247456,6.19980335
-6.52522707,-4.43868589,5.79063034
-6.43669271,-4.5152564,5.88155794
-6.39601517,-4.5583272,5.86002302
-6.4941206,-4.5655055,5.81455898
-6.18544626,-4.37886572,6.32662296
-6.45344257,-4.7784667,6.0179491
-6.44626427,-5.0321064,5.94377184
-6.5060854,-4.76889563,6.02273464
-6.59222698,-4.5870409,6.02752018
-6.38644361,-4.51047087,5.9198432
-6.44387102,-4.56789827,6.2093749
-6.27876616,-4.82871628,6.36012268
-6.42712164,-4.99621391,6.59461927
-6.05862665,-5.27378082,6.77647352
-5.92941475,-5.45563555,7.0468626
-6.22373152,-5.07039118,7.28853798
-5.90309381,-5.68773937,8.05663395
-5.34795856,-5.18524647,7.78145933
-7.10189772,-7.04446983,7.42971373
-6.20458937,-10.26999474,8.79362297
-7.92263603,-4.88614368,9.15254593
-8.89890766,-8.46580601,9.91585636
-8.58544731,-5.33838749,11.1314106
-8.20259571,-7.22871733,12.26321507
-6.42951393,-7.36032248,12.63410378
-9.41336346,-6.34098005,20.27917099
-22.79642105,-4.62054014,27.37628365
-32.35335541,-0.10049855,19.94417763
-23.55255508,2.49092841,23.57169533
-19.31486511,9.64546776,23.87318993
-19.62114716,16.29990768,12.78245831
-23.96651268,20.24567413,4.40040112
-43.7838707,15.82612896,9.31525898
-52.18267441,9.63589668,17.39582062
-38.56272888,4.30229521,15.90748501
-26.6560421,3.90987229,13.72762299
-25.6390934,0.94037926,13.64626694
-21.80100632,-0.43549374,9.84407234
-20.59980965,-0.86380893,5.17806768
-21.55932999,-0.70588273,3.12741899
-25.33042145,2.27796721,1.65344048
-26.72065163,5.43649244,-3.96251416
-26.25165749,-0.36370906,-9.54496956
-27.13700104,-12.52164078,-13.24905968
-30.9966259,-21.84168434,-15.09392548
-33.76990509,-25.48116875,-16.04626846
-29.23550797,-19.49193382,-15.6993103
-22.99502563,-14.95992661,-14.97667694
-16.84307861,-17.33360672,-12.94277668
-15.7926302,-22.47099686,-8.20738125
-15.65623856,-28.24009323,-6.22851753
-19.31007957,-31.51825905,-2.02432799
-23.78226471,-28.15634155,2.71585345
-28.88376045,-25.7515564,6.22851753
-32.64527893,-23.12423706,9.56411171
-35.2271347,-22.69113731,10.4159565
-39.0149765,-24.4977169,11.16012478
-40.66363144,-21.04726791,13.13898849
-43.53740692,-19.48475456,13.4596262
-46.43511581,-21.63111687,16.46740532
-51.653862,-21.32004929,18.55155373
-58.19584274,-16.63729477,19.47039795
-64.56552887,-12.47139168,19.81974792
-70.91608429,-6.3098731,19.74078751
-74.94320679,2.09611249,20.37488365
-78.39844513,11.87318611,19.98485565
-78.39844513,22.23410988,20.26242256
-78.39844513,32.16671371,18.04906082
-78.39844513,40.3094902,13.05045414
-78.39844513,43.31726837,6.22612429
-78.39844513,37.59124374,-10.60498905
-66.14719391,32.0877533,-16.35733604
-64.53682709,42.19742584,-21.26980019
-62.7110939,7.48714209,-47.66981125
-54.0251503,-13.2705946,-78.40083313
-25.77309227,14.33061409,-78.40083313
58.33701324,78.39844513,-78.40083313
-1.40458679,24.67478561,-41.97011185
-38.44787598,-19.88674927,-35.03092575
-49.75635147,10.66481113,-19.01815414
-27.33082008,24.89731979,18.0466671
-8.06141949,24.74896622,-10.44467068
-25.34477806,5.85045147,0.9954142
-21.11905098,2.27796721,2.15832591
-15.61556053,-6.93200684,0.41395834
-12.70349503,-16.10369682,-5.30488729
-12.63649559,-30.66162872,-4.83828735
-21.66940308,-22.12643051,-1.61994088
-17.05603981,-5.93420029,1.10069835
-13.71805286,1.18684006,-2.84745884
-18.23330879,-5.68773937,-1.564906
-21.57847404,-19.53500366,-2.19900417
-23.97847366,-26.40001106,-4.74736023
-24.27518654,-19.08036804,-7.47757053
-25.05285072,-21.63111687,-5.67338228
-26.59143639,-24.46661377,-2.7924242
-29.14936638,-25.79462814,-0.60059845
-29.46043205,-24.11008072,2.18703985
-26.34976196,-21.01616096,4.54157734
-21.55693817,-18.11845398,5.55134869
-19.39622116,-16.48415565,5.73559523
-20.73141479,-14.20379543,6.09451914
-20.72423553,-12.61974621,5.82413006
-20.06860352,-13.54576874,5.41735077
-19.06361771,-16.44586945,8.31984425
-18.19741631,-18.7621212,11.28933811
-18.05384636,-19.47278976,13.7611227
-15.88116264,-17.07518196,16.40519142
-13.56730366,-15.17049503,19.53500366
-11.68654633,-15.5054903,21.3966198
-9.40140057,-16.67797279,21.55454445
-6.9056859,-16.30708694,21.0711956
-5.92941475,-15.18246078,20.89891052
-5.80738068,-15.0221405,20.97308922
-4.81914473,-14.72064495,20.26481438
-5.32642317,-13.76830196,18.80280113
-6.24526739,-11.45205021,16.53679848
-6.16630459,-8.50648403,13.37827015
-6.47976351,-6.71665335,9.03051281
-6.17108917,-7.53739166,4.72343206
-6.08734083,-9.20997429,0.71545398
-7.60678339,-9.09751129,-1.87118721
-9.59761143,-5.60638332,-3.15374017
-10.04506969,-1.22273231,-4.82632351
-9.07597637,0.70588273,-6.03230619
-9.75553799,0.1268196,-7.33400154
-10.55234814,-2.66799736,-7.61874723
-9.88475037,-5.22831726,-8.11884689
-9.53779125,-5.32163763,-8.48734188
-9.03051281,-3.0843482,-8.75533867
-7.06361246,0.10289138,-9.19322491
-5.7284174,-0.48095733,-8.87497902
-4.16111851,-2.41435814,-8.64526844
-4.03190613,-4.30708075,-8.56151867
-4.07976246,-6.7262249,-8.52562714
-5.75234556,-8.34137917,-7.80778027
-7.55174828,-6.82193708,-7.70010328
-6.95114946,-4.3956151,-8.01356316
-6.88415098,-2.76610279,-8.40359306
-5.58006239,-1.59601259,-8.49452019
-4.3669014,-2.80678082,-9.89432144
-7.43689251,-3.50548506,-10.50449181
-9.37268543,-4.90289354,-10.99980545
-9.1046896,-6.96072102,-10.80120087
-7.64985371,-8.64526844,-11.29412365
-6.03948402,-9.81535816,-11.01177025
-6.13519716,-9.67418194,-9.45882702
-11.41137028,-7.16171789,-8.20259571
-17.19482231,-3.28534532,-6.47019196
-14.689538,-2.80438805,-5.73320341
-8.48494911,-7.55892658,-7.26939535
-8.47298527,-12.5551405,-6.73818827
-10.39920807,-13.69651699,-4.93160772
-9.24586678,-10.48774147,-3.82373071
-7.55174828,-6.62811852,-1.41894388
-7.36989403,-3.32363057,1.06002045
-7.09471941,-0.13399807,3.77826667
-9.1046896,3.03888488,7.10907602
-13.02413464,6.10169792,10.61934662
-11.6650095,8.65723228,12.84945774
-8.66680336,9.23390293,13.4596262
-12.08375454,9.01376343,13.81855011
-17.12064552,8.86301517,12.44028473
-18.90569115,7.50149918,9.07597637
-20.28874397,4.56311274,6.4223361
-21.57368851,1.9477576,4.01037073
-19.69532204,0.89730847,0.46181473
-24.09811592,0.78484577,1.85443759
-50.95515823,-8.55434036,17.11825371
-55.81737518,-33.17887878,24.80160713
-17.20918083,3.14895439,8.41794968
-8.00638485,24.83032227,15.18963718
-4.44107914,-24.95474815,22.83470535
-2.33300209,-23.35634232,13.70608807
-18.5228405,3.74237442,9.31047249
-8.49691391,0.52163535,11.74636555
-5.07756996,-12.1292181,13.63430309
-10.44706249,-3.18484712,5.82652283
-7.3722868,-2.24686027,9.19561768
-7.84845829,-9.36311531,5.15414
-8.03988361,-6.34337234,4.70428944
-7.26939535,-6.05862665,5.90309381
-6.95354271,-5.3240304,7.38425064
-6.90090036,-3.67776847,11.38744259
-5.09431934,-4.63729048,13.85683632
-4.1754756,-7.53739166,12.22014523
-7.07318401,-7.55414057,6.67118979
-6.97268486,-4.56311274,5.22592449
-6.53719187,-1.97647154,6.08734083
-5.6781683,-2.15832591,7.13300419
-5.59681225,-1.37587309,7.62592554
-5.89591503,-2.77328134,6.87697172
-5.75234556,-3.22552514,6.80997324
-6.01316309,-3.68494701,6.96550655
-6.28594542,-3.4169507,6.47019196
-6.49172735,-2.6799612,6.31465912
-6.45822859,-2.60339117,6.74058151
-6.47737074,-2.88335109,6.49890614
-6.12084007,-2.91206503,6.7142601
-6.54676247,-3.50069952,6.40319347
-6.16391134,-3.3714869,6.52762032
-6.57547665,-4.1539402,6.11126947
-6.24048138,-3.44087911,6.22851753
-6.52522707,-3.21356082,6.6137619
-6.73340273,-2.96949315,6.5850482
-6.8554368,-3.36191583,6.42472887
-6.62572575,-3.62751889,6.6017971
-6.6017971,-3.85723019,6.35533714
-6.52522707,-4.084548,6.41755056
-6.41515732,-3.93140745,6.53240585
-6.55394125,-3.90269375,6.5012989
-6.54197741,-3.72323203,7.71206713
-6.51804876,-4.16351128,6.78125954
-6.62572575,-3.6011982,6.69751024
-6.46540737,-3.51984215,6.57786894
-6.30269432,-3.42652202,6.69751024
-6.47976351,-3.44805741,6.53479862
-6.68793869,-3.59880543,6.37687254
-6.64486837,-3.68733978,6.37447929
-6.66401052,-3.61076951,6.36969423
-6.69033194,-3.46480727,6.34337234
-6.66401052,-3.34516597,6.44387102
-6.68793869,-3.1728828,6.52522707
-6.7429738,-3.42412925,6.42951393
-6.4941206,-3.62512612,6.53479862
-6.58026218,-3.76391006,6.36012268
-6.53001308,-3.69212532,6.41515732
-6.56590509,-3.73041058,6.41276455
-6.62333345,-3.95294309,5.97966337
-6.67118979,-4.10608339,6.44865704
-6.60658312,-3.64187622,6.42712164
-6.57786894,-3.69451785,6.28594542
-6.63051176,-3.68494701,6.27158785
-6.61136866,-3.80458784,6.26440954
-6.57547665,-3.88355112,6.39601517
-6.5850482,-3.75194597,6.45583582
-6.56111956,-3.76630282,6.46779966
-6.49651384,-3.66819692,6.39122915
-6.45344257,-3.90269375,6.22612429
-6.25723076,-4.20179653,6.25005293
-6.10887623,-3.90269375,6.4008007
-6.2093749,-4.03190613,6.44147873
-6.24526739,-4.15633297,6.43908548
-6.34576559,-4.38365078,6.32423067
-6.20458937,-4.16351128,6.5228343
-6.16391134,-3.89790821,6.47019196
-6.51804876,-3.88115835,6.26680231
-6.47019196,-4.02472734,6.17826796
-6.39122915,-4.08694124,6.29551649
-6.80279493,-3.77587414,6.86979342
-5.83848715,-4.88375092,5.69970322
-6.32662296,-4.80718088,6.97268486
-6.02991343,-5.62074041,3.71366072
-6.60658312,-3.83330178,6.10169792
-6.92961454,-5.88634348,6.76211691
-6.53719187,-5.40777922,7.30528736
-7.09950447,-4.59661245,7.08993292
-6.10409069,-3.29491687,7.14975405
-4.45782852,-1.84965181,7.32443047
-5.42452908,-8.84387302,6.79083014
-8.76490879,-6.11126947,10.77248859
-6.79322338,-4.57029152,10.49970627
-8.41316414,-7.41775036,10.71266747
-9.24347401,-3.49352098,12.66521072
-7.58285522,-4.57268429,12.33021545
-10.20778179,-5.23788881,12.04068375
-9.45882702,-5.73559523,13.19641781
-11.55972576,-4.79043102,14.90010738
-19.88196182,-5.74038124,27.65385056
-27.34278297,-4.17786837,22.73899269
-31.94418144,1.12701952,16.9794693
-26.58186531,7.99442005,21.62154388
-22.79881287,16.13958931,13.38305664
-27.23271561,29.69971466,2.01714945
-46.06422806,27.64906311,14.76132202
-43.74079895,16.50808334,15.40259933
-33.89194107,2.35214472,14.68475151
-24.18904305,-7.83888674,13.40698433
-21.4468689,-4.77128839,8.69551754
-20.78644943,-2.63449764,6.01316309
-24.09572411,-0.99302137,4.15154696
-28.34776878,1.45962179,0.63649076
-29.26182747,2.49332118,-5.13021135
-26.5794735,-2.82592344,-9.84885788
-24.71785736,-10.30588627,-14.37129211
-27.58924675,-14.73500156,-16.32144165
-28.97468948,-15.44567108,-17.81217194
-27.89792061,-12.30150127,-17.80259895
-25.6510582,-11.10748386,-16.99861145
-22.56910324,-14.63689613,-15.8428793
-20.15235329,-18.43669891,-13.76830196
-19.07079697,-21.24826431,-10.04746246
-18.39123535,-23.88994026,-5.8480587
-19.87478447,-22.60738754,-1.60079837
-23.02613068,-20.46102715,2.35214472
-26.17987251,-18.74776459,5.69252491
-28.43151855,-16.73061562,8.02791977
-33.23870087,-16.69950867,9.40379238
-35.76073456,-17.42692757,9.82732201
-38.88815308,-16.18265915,9.37029362
-37.2466774,-15.12503147,8.26002407
-39.56771469,-14.77328682,10.26760197
-39.54139709,-16.02952003,10.24606705
-41.77868271,-15.99841213,11.20558834
-42.99902344,-14.41436195,13.07677555
-44.1643219,-6.33140898,15.38584995
-44.4251442,0.98823577,17.68774605
-48.71786499,6.09691238,22.29153442
-59.28696442,15.19681644,25.29692268
-68.53522491,22.30349922,25.05763817
-78.39844513,27.84288406,24.25125694
-78.39844513,33.37508774,17.32642937
-78.39844513,36.3924408,8.03509808
-65.42216492,32.71467209,-2.02911353
-59.06203842,30.14956665,-7.97767115
-60.15316772,36.0670166,-10.73659515
-61.77310944,16.98664856,-38.55315781
-46.04747772,-14.09133244,-78.33862305
-21.04008675,-28.54876709,-78.40083313
40.85505295,18.39123535,-78.40083313
23.72483635,47.69852448,-50.99105072
-26.39522743,17.87438393,-34.92564011
-43.59483337,13.4285202,-30.76930428
-36.44747543,9.20040226,-4.23051023
-23.02852631,-1.23469639,-2.49092841
-19.06601143,-10.5355978,-14.37368584
-23.07398987,-25.60798836,-7.22393131
-33.06641388,-20.87977028,0.52163535
-27.88117027,-27.97209549,-4.2759738
-23.21038055,-20.31506538,-6.259624
-27.21357155,-8.3007021,-2.0985055
-26.34976196,-2.34496617,-0.5168497
-26.67040062,-1.98843563,0.55992049
-27.32842827,-6.02752018,1.969293
-26.99821663,-10.04506969,2.66081882
-25.99562454,-13.19881058,2.57946301
-24.48575592,-13.72044468,-0.03828516
-22.45903397,-14.85703468,1.2562319
-22.08335876,-12.96670532,1.70368969
-23.05963135,-14.10090351,3.82133746
-26.64407921,-16.10848236,6.39601517
-29.66382217,-19.02772522,8.53998375
-29.42214775,-23.43291283,9.72443104
-27.47917366,-27.495924,10.80838013
-24.12683105,-29.51307678,12.39721489
-20.48495483,-29.491539,13.13659668
-17.51067734,-28.08216667,13.68933868
-14.88335705,-26.42154694,13.82572937
-13.05524063,-26.62493706,14.74696541
-11.23669434,-27.47917366,16.18026543
-7.62114,-26.74457741,21.30330086
-4.92921448,-24.45464706,24.05265236
-2.15354037,-24.43071938,25.86162949
-0.29671001,-25.64388084,26.91207695
0.63409805,-24.29911423,27.09392929
3.23270369,-21.67658043,26.7302227
0.48335019,-15.99601936,24.99063873
-0.29431719,-11.80379391,22.6648159
-1.15334058,-9.46600628,19.11865234
-2.11286235,-8.82233715,14.64168167
-2.41675091,-8.03509808,10.07856941
-2.74217463,-6.87457943,5.65423965
-2.37368011,-6.54197741,1.58165574
-3.19920373,-7.83888674,-2.78046012
-5.30728054,-8.90847874,-5.36231565
-7.00618458,-8.02074146,-8.06620502
-8.15473938,-4.88853645,-9.939785
-9.16211796,-1.69411838,-11.25823021
-10.3274231,0.6699903,-11.83729267
-11.01177025,1.79700983,-12.10050297
-11.7344017,1.50508547,-12.00718307
-12.85902786,0.85423768,-12.06939697
-13.70608807,0.63409805,-11.77268696
-14.06979656,0.11964113,-11.07637501
-14.30429363,-0.52163535,-9.37268543
-14.18465233,-0.07896315,-8.01834869
-12.92363548,0.30149564,-6.96311331
-11.20558834,-0.41874397,-6.18305397
-10.77248859,-1.30887401,-5.29770947
-10.48295593,-1.70368969,-4.40997219
-9.81296539,-2.21575379,-3.84048009
-9.70050335,-3.50069952,-3.28773832
-9.98764133,-4.34775877,-2.93360043
-9.18365288,-4.72582483,-2.86899424
-7.26700211,-4.94835711,-3.15374017
-5.3862443,-6.2931242,-4.38843679
-5.91027164,-7.45603561,-5.15892601
-5.86002302,-7.09471941,-5.63031197
-6.1615181,-8.17866802,-5.819345
-7.30528736,-9.60718346,-5.71884632
-8.07338333,-11.11944771,-5.30967331
-8.92044258,-12.42114162,-4.68514681
-10.5355978,-12.70349503,-4.00797796
-12.38524914,-11.1505537,-3.28055978
-12.5862484,-9.73160934,-3.11066937
-11.75354385,-11.00459099,-3.23509598
-12.11246872,-12.5934248,-3.09631228
-13.42373466,-11.1003046,-3.0771699
-12.53121185,-8.20498848,-2.86660171
-10.33699417,-6.6352973,-3.3714869
-8.76969433,-6.62572575,-3.87397981
-8.11166954,-6.6017971,-3.8955152
-9.25065231,-4.95075035,-4.31665182
-9.75075245,-3.17049003,-4.13719034
-7.93220711,-3.59401965,-4.34775877
-8.09252644,-5.66859674,-3.48155665
-8.58066177,-7.51107025,-2.51724935
-9.25543785,-8.37487888,-1.54576349
-11.27976704,-7.57806921,0.16749758
-10.53081226,-6.03709126,1.95254338
-8.00399113,-4.35972261,2.15832591
-6.44865704,-1.50508547,2.59860539
-6.76929522,2.62731957,2.61296225
-7.42492867,5.5369916,1.96690023
-8.86540794,5.18763924,2.05064893
-10.34895802,0.56231332,2.24925327
-12.36371422,-5.99162817,2.18464708
-15.40020657,-3.22073936,1.85443759
-12.14836025,2.36650157,0.93320084
-8.83430099,3.8428731,0.71066839
-8.22891712,2.16789722,1.02412808
-11.44965649,0.59581286,2.25403905
-13.39262772,0.07657032,3.50548506
-15.28056431,-0.92362946,5.2331028
-16.95793343,-3.06042004,6.03469849
-16.99621964,-4.62771893,6.35533714
-16.24487305,-4.70907497,5.93659306
-15.59163284,-3.56291294,6.09691238
-25.50270462,-1.42372942,1.4907285
-51.13700867,9.47079182,-8.88694382
-59.22953796,20.18824196,-18.10170364
-16.80957794,-9.31286621,3.23031044
13.34955788,-26.16073036,26.44068909
-1.32083809,-8.91087151,24.56950378
-21.67658043,1.22991073,-10.25802994
-12.14357567,-2.40239382,14.67757416
-1.91665089,-8.83908653,11.30608654
-11.36830044,-7.00618458,3.11306214
-8.41555786,-5.97487831,7.63789034
-7.09471941,-7.24307442,6.30030203
-8.80558681,-3.59162688,5.97487831
-7.79103041,-2.67756844,6.33140898
-9.00658417,-1.37826598,7.06361246
-7.9752779,-1.55054903,6.17587471
-8.38205719,-1.77308154,5.76909542
-8.33659363,-2.35693026,6.02991343
-8.05663395,-3.28534532,5.43888569
-8.00877762,-4.32861614,5.34795856
-7.71206713,-5.28095961,4.76650286
-7.28853798,-5.35752964,4.61096954
-7.24546719,-5.73081064,4.83828735
-7.32443047,-5.30010271,4.65643311
-7.329216,-4.84785843,5.36231565
-7.53499842,-4.72343206,5.41735077
-7.42253542,-4.57746935,5.29053116
-7.39142895,-4.21854639,5.56809807
-7.43210697,-3.99122834,5.6350975
-7.5421772,-3.84765863,5.48674202
-7.36032248,-3.86440825,5.63031197
-7.43450022,-4.1324048,5.38145828
-7.41057205,-4.13958311,5.15653276
-7.35314369,-4.01276398,4.91007233
-7.24307442,-4.07258415,4.99382067
-7.38425064,-4.31186676,4.84068012
-7.35314369,-4.11565495,4.90050077
-7.39382219,-4.10847616,4.92203617
-7.50628471,-4.00319242,4.76411009
-7.35792923,-3.85005164,5.02492762
-7.42253542,-3.79501677,4.88614368
-7.46799898,-3.5796628,4.84307289
-7.03729105,-3.55334163,5.12781954
-7.4010005,-3.81415939,5.15174723
-7.29093075,-4.345366,5.03449869
-7.30050182,-4.66121864,5.23788881
-7.05643415,-4.61336231,5.35035086
-7.18564606,-5.5848484,5.01774931
-7.02054167,-5.1110692,5.33120918
-6.98943472,-5.27856636,5.42213631
-7.06361246,-5.30967331,5.5154562
-6.98225641,-4.9411788,5.28095961
-6.97268486,-4.17068958,5.39342213
-6.80758047,-4.67078972,5.04167795
-6.69751024,-4.24247456,5.36949396
-6.5012989,-5.05842686,5.96769953
-6.8482585,-5.63031197,6.22373152
-6.6927247,-5.58245516,6.3098731
-6.98225641,-5.31685209,5.98444986
-7.14257574,-3.47916412,5.85284472
-6.52762032,-5.71884632,5.60399008
-6.89850807,-5.55613422,5.79541636
-7.23828888,-5.2953167,5.87198639
-7.43450022,-5.18046093,5.54656267
-7.78863764,-4.83828735,6.9056859
-7.44407082,-5.62313318,6.53479862
-7.43450022,-4.98664236,7.14257574
-7.3794651,-5.33599472,7.70728159
-7.72163868,-4.9986062,8.13799
-7.88913631,-4.89092922,9.11186886
-8.7290163,-4.53200626,10.24128151
-8.91804981,-4.54397011,10.92562866
-8.2456665,-4.21854639,12.33260918
-10.61695385,-3.04606318,14.44786263
-5.80259514,-9.02811909,14.58664703
-15.07717514,-13.97647762,18.97747612
-34.5978241,-6.83150864,20.29592133
-33.19084167,5.1110692,22.95434761
-20.67398834,11.72483063,23.71287155
-23.45444679,23.37787819,14.95753384
-26.71347427,29.62075233,13.32562923
-48.01916504,33.98286819,12.17468166
-48.32783508,16.6540451,17.87199211
-36.79682541,3.35234427,11.9473629
-28.14677238,-3.18484712,12.40917873
-25.81377029,-3.16809726,12.16510963
-26.11287308,0.54556352,10.05224895
-22.36571312,2.73978186,3.57726979
-24.4594326,3.18484712,1.012164
-29.47957611,3.5581274,1.012164
-28.59183884,2.5100708,-6.22133875
-26.77568436,-2.93120766,-11.32522964
-26.82593536,-9.33918667,-13.72523022
-26.37369156,-16.68275833,-17.77388763
-24.94756889,-16.24965858,-16.39083481
-21.56890297,-16.1252327,-13.89751339
-20.36770439,-16.34776497,-10.67198944
-20.05185318,-16.83111572,-8.36291504
-19.11147308,-18.92962074,-6.05862665
-19.89153481,-19.79103661,-4.40518618
-23.23670197,-18.60898209,-4.76889563
-23.11466599,-17.57767487,-3.79262376
-21.55932999,-17.79302788,-3.08674121
-22.73660088,-18.36969948,-1.15573335
-24.88056946,-18.87219238,0.89970136
-26.78525543,-18.05623817,3.44805741
-29.14697266,-17.69253159,7.62114
-32.3653183,-15.85484314,10.70309544
-33.70290375,-15.52463341,11.77029419
-36.80639648,-16.42194176,16.1515522
-37.48356628,-15.29252911,18.54437637
-41.39583206,-11.89232922,21.40379715
-43.09712982,-8.58066177,21.06641006
-43.58287048,-5.51067066,22.56910324
-45.38467026,-1.969293,23.99043846
-45.85844803,1.94057918,26.3162632
-55.9202652,12.29910851,29.6662159
-67.85566711,22.12403679,30.68555832
-77.33842468,24.37807655,26.7685051
-78.39844513,25.22274399,21.88954353
-78.39844513,30.05863571,12.05264759
-78.39844513,33.104702,-9.44447136
-61.89274979,28.78565788,-20.38684845
-54.30750275,38.99583054,-25.31367111
-52.6325264,26.65125847,-45.50191498
-45.38467026,8.88933659,-78.40083313
-14.93839073,16.94357681,-78.40083313
34.58824921,43.32205582,-78.40083313
3.67537546,25.07199478,-48.4283371
-22.21496773,-4.92921448,-28.63012314
-13.05284691,6.37447929,17.56092644
-14.28754425,5.21156788,14.84028625
-9.42293549,-0.58384871,10.03310585
-0.06939186,-1.95493615,5.2331028
2.86660171,-5.63031197,-6.77647352
1.43569362,-8.63808918,-6.55394125
-1.47397876,-7.27418089,-7.7431736
-5.32642317,-5.96291399,-9.57846928
-5.9198432,-6.2309103,-8.58066177
-7.59242678,-3.23988175,-9.5569334
-9.41097164,-4.07736969,-9.32961559
-11.19841099,-10.23170948,-10.17906666
-12.90449238,-15.44088459,-10.48056316
-14.23490238,-25.61755753,-9.96131992
-18.19981003,-31.46800995,-9.86321545
-22.22214508,-22.53081703,-10.54756165
-22.45663834,-9.29850864,-8.95154953
-23.15295219,-5.67577553,-7.27178764
-24.76332092,-11.47597694,-5.00578451
-24.42354012,-16.93161201,-3.76869583
-23.25105858,-18.06820297,-2.46460724
-22.69352913,-15.26620865,-1.14855492
-22.12403679,-11.72961617,-0.33738798
-22.03789711,-10.79162979,-0.07657032
-21.76990128,-10.91845036,1.0528419
-22.15753746,-10.19581604,2.40239382
-21.77468681,-8.56391239,3.75912428
-21.52104759,-7.89870739,4.58943367
-21.79382896,-10.13838959,6.19023228
-22.29392815,-14.30907917,8.16909599
-22.90170479,-16.76889992,9.64546776
-21.7866497,-17.73320961,11.53819084
-20.59263229,-16.716259,13.8855505
-18.91765404,-15.07239056,15.84527206
-17.23310852,-14.22293854,17.36710548
-15.62991619,-13.61755371,18.67119408
-13.75633717,-12.77528,19.85803413
-9.40140057,-11.83729267,21.3966198
-7.85802937,-12.88774204,21.37030029
-6.69511795,-14.03390503,20.79602242
-5.86480808,-14.26361561,19.63071632
-5.29770947,-12.44746304,17.8073864
-4.85982275,-10.41835022,15.10349655
-5.01057053,-9.52582741,12.00000572
-6.10169792,-9.28175926,8.87497902
-6.92482853,-8.63808918,5.53220558
-6.71904564,-8.47537708,1.61515522
-6.75254536,-8.23609543,-1.2562319
-7.43689251,-7.55653334,-4.35493755
-8.83669376,-5.82652283,-7.2813592
-9.56171894,-4.00558519,-9.8321085
-10.0833559,-2.05064893,-11.80379391
-10.81316471,-0.14835501,-12.15793228
-10.52841854,1.27058887,-12.37567902
-11.77029419,1.63669062,-13.08874035
-12.51446152,1.51226389,-13.23709488
-11.85165024,0.55992049,-12.97388458
-10.85384464,0.3086741,-12.02393341
-9.30329418,0.45463631,-10.56670475
-8.53280544,-0.28953153,-8.60219669
-9.1549387,-1.73001075,-6.63290405
-9.9206419,-2.21096826,-4.91964293
-9.33200836,-1.84965181,-3.47916412
-7.32443047,-2.19182539,-2.65124726
-5.86720085,-3.38584423,-2.21814656
-6.28594542,-5.37188721,-2.41914368
-7.48235655,-6.38405037,-3.42173648
-6.94875669,-6.83629465,-4.40040112
-6.16630459,-7.42014313,-4.13958311
-4.67078972,-9.02094173,-4.46979237
-4.30229521,-12.66281796,-4.20658207
-7.34835863,-15.74238014,-2.68713975
-11.32522964,-16.85743523,-1.17009032
-11.63629723,-16.48415565,-0.55034918
-6.94157839,-14.44786263,-0.86620182
-5.35513687,-14.56989765,-1.11026978
-5.81695223,-14.71107388,-0.00717847
-8.98265553,-13.40219975,1.6821543
-11.38983536,-10.43509865,2.38325143
-11.87318611,-7.22153902,2.45742869
-10.92802143,-4.57507706,2.74456763
-11.28215885,-1.3830514,3.71605349
-11.0811615,3.67776847,4.59421968
-13.43569946,7.60678339,4.96032095
-15.05324745,8.27198792,5.87198639
-14.32343578,4.17068958,6.1615181
-14.68475151,-1.31844521,5.57766914
-16.07498169,-4.95075035,5.17567539
-17.25942993,-5.34078074,4.48893547
-19.94417763,-1.914258,2.25643158
-21.88954353,2.85942316,1.50987101
-28.30948257,5.85045147,1.79222405
-59.10989761,8.32702255,14.23250961
-63.64190292,8.690732,11.89232922
7.31246567,-4.78325272,4.00079966
7.90109968,-14.44547081,21.35594177
-3.44087911,-13.28495026,33.00180817
-3.35713005,-4.9698925,4.69232512
-29.75714111,6.03948402,2.38085842
-8.37966442,0.53120661,10.50688457
-4.2759738,-3.8955152,15.65863037
-10.36809921,-7.02054167,7.48235655
-8.84865856,1.82093811,4.09172678
-6.24048138,-4.21615362,9.32722187
-8.49930573,-4.8693943,7.31725216
-7.81735134,-7.45842838,6.99900627
-7.75274515,-8.14277554,6.83629465
-5.02253485,-4.88853645,10.52363396
-4.66600418,-4.95075035,11.20319557
-6.2093749,-7.72163868,10.1144619
-7.1593256,-5.34317303,6.75015306
-6.44626427,-3.42891502,6.2117672
-6.01077032,-1.67976141,6.9391861
-5.84566545,-1.2993027,7.33639383
-5.50349236,-1.83768773,7.23110962
-5.68773937,-1.9477576,7.28614473
-5.71166754,-2.23011065,7.15693283
-5.96291399,-2.92642236,7.06600523
-6.2309103,-3.39541507,6.84347296
-6.46779966,-3.90987229,6.67597532
-6.32901621,-4.16829681,6.61615467
-5.77627373,-3.26620293,6.63051176
-6.5060854,-3.34038043,7.03729105
-6.32183743,-3.24945307,6.04187727
-5.99641323,-3.29970264,6.49651384
-6.01077032,-2.8642087,6.46540737
-5.94377184,-2.57946301,6.66879702
-6.31465912,-2.89770818,6.78365183
-6.30508757,-3.25663161,6.98225641
-6.38165808,-3.66819692,6.73340273
-6.44626427,-3.5844481,6.86500788
-6.46062088,-3.63469768,6.7357955
-6.57069063,-3.4839499,6.96311331
-6.53479862,-3.21116805,6.77886629
-6.31226587,-3.21595359,6.80518818
-6.25483799,-2.7684958,6.96072102
-6.53719187,-3.28055978,6.78365183
-6.6137619,-3.4839499,6.93440008
-6.29790878,-3.32363057,6.93440008
-6.35533714,-3.34995174,6.76690245
-6.25723076,-3.35713005,6.66161823
-5.96769953,-2.97427845,6.36969423
-6.39840746,-3.57487702,6.42472887
-6.23569584,-3.31166673,6.90807819
-6.28594542,-3.34038043,6.74058151
-6.22373152,-3.35473752,6.64726114
-6.58744049,-3.48873568,6.90329313
-6.66401052,-3.80458784,7.40578604
-6.95354271,-3.8955152,6.92961454
-6.95354271,-4.28315258,7.20239639
-6.63769007,-3.73519611,6.93679285
-6.22612429,-3.85723019,6.955935
-6.91047144,-3.8715868,6.86500788
-6.22851753,-3.58923388,6.86979342
-5.99402046,-3.41934347,6.87697172
-5.48195648,-3.42173648,7.09471941
-6.75254536,-4.20658207,6.98225641
-5.90070057,-4.00319242,6.67358208
-6.87936497,-3.83090901,6.45583582
-6.24048138,-4.24247456,7.03729105
-6.29790878,-4.15872574,6.48694229
-5.96291399,-4.05344152,6.8482585
-5.86241531,-3.20638227,7.25503778
-6.43908548,-3.79023099,6.59940529
-5.99402046,-3.91465759,7.34596539
-6.60419035,-4.23051023,6.73818827
-6.18544626,-3.92662191,6.86500788
-6.49651384,-4.73778868,6.53958416
-6.14716148,-4.30229521,6.96072102
-6.51804876,-4.66600418,6.65683222
-6.67118979,-4.57986212,7.16171789
-7.79103041,-6.7549386,6.45344257
-6.13519716,-2.7684958,9.50907707
-7.58524752,-10.748559,4.40757895
-5.998806,-5.10628319,6.97268486
-6.93679285,-6.34098005,6.62333345
-7.47039223,-5.31685209,7.10189772
-7.32682276,-4.59421968,8.53759098
-8.13559723,-5.12303352,7.3794651
-8.55194759,-3.73758864,8.90129948
-8.21934605,-3.04606318,11.37547874
-8.90129948,-4.21854639,11.90189934
-10.28913689,-3.940979,13.66780281
-6.14476824,-6.08973312,12.56710529
-17.09910965,-5.56809807,22.0235405
-26.64407921,-0.89730847,26.56272507
-31.79343414,2.92642236,19.40339851
-22.49013901,5.73081064,21.6478672
-21.57847404,14.37847137,16.18505287
-22.71267319,20.71705818,6.80758047
-40.6468811,30.89134216,7.90827847
-49.51468277,21.32962227,16.29512215
-38.84268951,9.71485996,14.70628738
-33.25784302,1.10548413,12.13639641
-27.40021133,-4.09890556,13.38784218
-24.49532509,-3.1465621,8.25523758
-24.04547501,-1.65583336,2.56271315
-25.01456833,-3.08195567,-1.15334058
-25.69173813,-4.64446878,-4.63011169
-24.94038963,-6.08973312,-8.76251698
-22.63849449,-9.7890377,-11.64826012
-21.93500519,-13.90947819,-12.93559933
-23.63390732,-15.19920921,-16.07498169
-24.49532509,-15.48395538,-17.23071671
-21.34876442,-15.01735401,-16.75215149
-17.96291924,-13.48116302,-16.24487305
-15.29492283,-14.802001,-16.0893383
-12.66042519,-17.27139282,-14.0434761
-11.00219822,-18.37927055,-10.39920807
-11.88275719,-18.90090752,-8.52562714
-14.55314732,-19.18565178,-3.68255401
-14.51007557,-19.31725693,-0.44027936
-18.85783386,-19.46800613,1.95015049
-21.23629951,-20.46581268,6.38644361
-23.32762718,-22.01875496,8.72423077
-26.99103928,-22.91366959,11.54297733
-32.09732437,-22.11925316,13.58644676
-35.62434387,-19.9657135,14.81157207
-38.04587936,-18.24287987,16.24008751
-40.42434692,-15.27578068,16.79522133
-42.25006866,-8.92044258,18.83869171
-43.91068649,-1.22991073,21.28415871
-41.23551178,1.52901375,21.90868187
-45.96133423,10.04985523,24.37568283
-52.81198883,18.0083828,26.37129974
-57.32723999,20.56391716,25.32085037
-65.13502502,20.34856224,22.36810684
-72.99544525,16.58943939,18.48216057
-78.39844513,21.69333076,11.28933811
-78.39844513,24.02154732,7.733603
-78.39844513,18.69033813,3.08913398
-78.39844513,7.71446037,-7.70488882
-78.39844513,14.11047554,-24.96910667
-49.17729187,9.85364342,-44.51128769
-42.65445709,-20.95394707,-78.40083313
-25.59841537,-34.5978241,-78.40083313
43.66901398,40.89812851,-78.40083313
-0.99780709,25.43809891,-45.45166779
-36.71068573,-3.56530547,-29.36471748
-55.49673843,3.95294309,-25.97648239
-26.34497643,-1.6821543,4.47936392
-22.24846268,-6.18305397,-8.32463074
-19.36272049,-5.31206608,-7.3100729
-31.67857742,10.99023438,-12.78963661
-36.60779572,-1.06241322,3.75194597
-29.05125999,-7.65463972,-1.51465666
-22.14318085,-14.60339546,-1.55054903
-22.30828476,-13.97886944,-0.83509511
-22.09532166,-9.68614578,-0.77288175
-21.64307976,-7.59960461,-0.94755775
-20.89173317,-6.02752018,-0.51206404
-21.19083786,-3.40498662,-0.11006984
-20.15713882,-3.38105845,0.29431719
-20.95155525,-6.09691238,0.36610189
-23.8325119,-10.26281548,1.31365979
-26.03391075,-14.13918972,1.40697968
-26.03869629,-17.52742577,1.89750838
-25.75395012,-19.20240021,3.98644257
-25.24906349,-19.25504494,4.9986062
-23.84926224,-21.6359024,5.80020189
-22.27717972,-24.65564537,6.43908548
-22.26042938,-25.92623138,7.36271524
-19.35314941,-29.379076,9.13579655
-17.97966957,-28.63251686,9.83689308
-15.92423534,-27.90988541,11.55972576
-14.06740379,-26.75414848,13.42373466
-12.96909809,-25.77070045,16.40040588
-10.87298489,-23.94976234,18.95594025
-8.33180809,-22.75095749,21.6478672
-5.11824799,-22.87299156,23.17448807
-2.46460724,-24.16750908,24.0071888
-0.84945208,-23.91865349,24.10529518
0.73459649,-20.79602242,24.05026054
-0.11006984,-16.51765442,22.94238091
-0.97627169,-12.74656582,20.12124634
-2.15593338,-10.19103146,16.39322853
-2.56989145,-9.49711323,11.61715412
-3.63230467,-9.46122074,6.5012989
-4.24486732,-8.81515789,1.0528419
-3.74476743,-7.80299473,-3.76630282
-3.30209517,-7.13300419,-8.54237747
-4.01515627,-6.02273464,-12.27517986
-5.05124807,-4.18026114,-16.1013031
-6.12801886,-0.74177504,-18.37687874
-8.05424118,3.96490717,-19.14497375
-9.41097164,5.90070057,-19.52543259
-10.64566803,1.54576349,-18.05384636
-12.05743313,-2.98384976,-15.61077499
-13.54098415,-2.45982146,-12.160326
-13.16052437,0.98584294,-9.939785
-13.59841061,3.59641242,-8.1571331
-13.44527054,2.42632222,-5.58963394
-11.82054329,-1.02891374,-5.53220558
-11.53579807,-3.46241426,-4.18983221
-11.46640682,-2.93838596,-3.81415939
-10.41356468,-0.91884387,-3.22073936
-9.71007442,-1.48355007,-2.51485658
-9.9900341,-3.90747905,-1.86161602
-9.91346455,-5.71406031,-0.86141622
-8.89651394,-6.36012268,-0.54077792
-7.59003353,-6.2931242,-0.56709892
-6.44387102,-6.12084007,-0.85902333
-5.77148867,-6.53001308,-0.97627169
-5.95812798,-6.90807819,-1.31844521
-5.69491768,-7.1880393,-1.51226389
-5.11346197,-7.39860725,-1.7898314
-4.88614368,-7.19761086,-2.31385946
-5.59202671,-5.54417038,-2.71106815
-5.67338228,-3.16570449,-3.66101861
-4.05822706,-1.83290219,-4.47218561
-1.97647154,-2.8642087,-5.58963394
-1.62711942,-5.53938437,-6.1686964
-2.29232407,-7.44407082,-5.8480587
-2.87856579,-7.35075092,-5.13021135
-3.2709887,-6.17348242,-3.80458784
-3.26381016,-5.65423965,-2.90488672
-4.67557526,-5.10628319,-2.13918328
-6.86740112,-4.64446878,-0.59820569
-9.09033298,-5.32881594,0.61016977
-9.83689308,-6.9056859,0.41156551
-8.7409811,-9.82732201,-0.30388847
-8.20498848,-13.38784218,-0.57906306
-13.19881058,-12.91884899,2.76610279
-13.59841061,-7.83170843,4.22093916
-11.61715412,-2.82113791,4.78085947
-9.29372311,1.13659072,5.36231565
-8.91087151,3.11545515,5.05124807
-10.26281548,3.45284295,7.41057205
-12.4115715,2.8642087,7.70728159
-13.42373466,-0.48335019,8.98504925
-14.44307804,-3.47437835,9.75314522
-17.73799324,-5.07517672,9.46600628
-21.37508583,-7.2813592,8.48494911
-25.56970215,-9.59043312,5.5848484
-33.52105331,-9.22672462,1.02173531
-67.04449463,4.93878555,-1.26101744
-78.27640533,31.22394371,-18.29791451
4.63011169,-5.1828537,7.15214682
31.40340614,-14.97667694,40.436306
5.49152756,-2.52921343,38.04827118
-31.03490829,11.45683479,-2.27796721
-20.78644943,-4.13958311,8.31984425
1.49551415,-6.34576559,17.64945984
-9.20040226,1.89990115,9.19083214
-11.966506,-2.53639221,4.84307289
-4.39800835,-3.5796628,9.86321545
-8.20259571,-3.29730964,5.52263403
-7.60917568,-8.83190823,7.04446983
-8.14995384,-9.36550808,6.01555634
-6.03230619,-7.81974459,4.78564548
-6.38405037,-7.93459988,6.92961454
-6.4008007,-4.85503721,7.49432039
-5.80498791,-5.34317303,9.1238327
-5.4436717,-4.34775877,6.88175821
-6.24765968,-5.02253485,6.57547665
-6.49890614,-3.50309229,7.07318401
-4.64925432,-2.10089827,7.51585531
-5.52742004,-1.97168589,7.5206418
-5.34078074,-2.03629208,7.48235655
-5.31924438,-2.70149684,7.61635494
-5.9198432,-2.51246381,7.13300419
-6.20698261,-3.09631228,6.95114946
-6.11366177,-2.96710014,6.92482853
-6.2931242,-3.45045018,6.70708179
-6.38405037,-3.78783822,6.47019196
-6.42712164,-3.62034059,6.52762032
-6.33619452,-3.61555481,6.37447929
-6.5012989,-3.59401965,6.47737074
-6.44626427,-3.7256248,6.46062088
-6.94636393,-3.78305244,6.35533714
-6.55154848,-3.90987229,6.21416044
-6.89611483,-3.78544521,6.6927247
-6.71904564,-3.7543385,7.08036232
-6.08734083,-3.40498662,6.63290405
-6.56590509,-3.3643086,6.44387102
-6.42472887,-3.534199,6.85783005
-6.32183743,-3.30927372,6.98464966
-6.41994286,-3.16331148,7.34835863
-6.18783951,-3.36191583,6.99182749
-6.12084007,-3.62273359,6.85065126
-6.33858728,-3.8955152,6.73340273
-6.27158785,-3.92183638,6.67118979
-6.84586525,-3.6299119,6.79561663
-6.53001308,-3.74476743,7.43450022
-6.64726114,-3.31884503,7.068398
-6.29551649,-3.3714869,6.71665335
-6.17108917,-3.18723965,6.76451015
-6.04666281,-3.57248402,6.51087046
-7.04446983,-3.71844625,6.81236649
-5.98923492,-4.04626322,6.89132977
-6.65204668,-3.97687125,6.70947504
-5.50349236,-3.49830651,5.65663242
-7.14257574,-4.28554535,6.02752018
-7.80299473,-4.29750919,6.68076086
-6.53958416,-3.87397981,5.75473833
-6.84107971,-4.61096954,6.86500788
-5.45802879,-3.53898454,4.90528679
-6.77647352,-4.94596434,7.06121969
-6.39840746,-3.68733978,5.87198639
-6.52762032,-4.41475773,6.33380127
-7.14736128,-4.73061037,7.32203722
-6.49651384,-4.78564548,6.74536705
-6.32423067,-4.06540537,6.68076086
-6.11126947,-4.34057999,6.27398109
-6.44626427,-4.37647247,6.01316309
-6.12084007,-3.51505661,5.85284472
-6.40558577,-4.22333193,6.04666281
-6.2117672,-4.8000021,6.00119925
-6.53958416,-4.02951336,6.47976351
-6.66401052,-4.1324048,6.27398109
-6.53240585,-4.74018192,6.54676247
-6.80040169,-4.88614368,6.36969423
-7.03489828,-4.83828735,7.25264549
-6.87457943,-5.46999264,6.57069063
-6.27637386,-5.52263403,6.45583582
-6.81954432,-2.16789722,6.52044153
-6.29790878,-7.00857782,4.1754756
-6.18066072,-4.61096954,7.25743103
-7.13539743,-6.16630459,7.472785
-7.68574619,-5.71406031,8.00159931
-7.3890357,-5.04885578,9.29372311
-7.50867701,-4.66839695,10.40638542
-8.58066177,-3.99601364,11.83968639
-8.16909599,-6.2811594,13.68933868
-7.91545725,-4.32143736,15.72802258
-10.27956581,-3.39541507,15.47438335
-8.37487888,-4.03908443,18.3481636
-30.27159882,-2.35693026,21.27937126
-34.02833176,-0.19621144,16.17308807
-27.23271561,6.02991343,17.94138336
-23.84208488,15.18485355,9.46361351
-29.31207848,32.73620605,2.2013967
-51.6155777,27.90748978,15.90269852
-48.16752243,13.47398376,17.30010796
-36.7824707,-1.27298152,11.77986622
-28.28316498,-9.26261616,12.84227943
-21.95654106,-9.19083214,10.52363396
-20.70509338,-0.80877399,8.63569641
-21.41815376,5.40538597,5.30488729
-22.84906387,7.58046198,0.34456649
-25.50031281,9.22911739,-2.59142685
-24.935606,7.99202728,-8.88215828
-18.5348053,-1.50269258,-14.95992661
-18.82912064,-10.68873787,-18.69751549
-22.51646042,-14.65843201,-17.42453384
-24.57907295,-10.25563908,-17.63988876
-23.01177597,-3.51027083,-17.78106499
-19.4010067,-0.65084779,-16.24965858
-16.88854218,-3.53898454,-15.71605873
-16.44826317,-7.50389194,-12.20339584
-15.48874092,-9.09990501,-9.29611588
-14.44307804,-8.55673313,-4.46022129
-14.34736443,-6.47497749,0.35653055
-17.68296051,-3.98883557,2.36171603
-18.51566124,-5.30010271,6.78604507
-22.33699989,-7.41535759,9.87757111
-23.72483635,-9.14058304,11.95693493
-26.53879738,-11.2438736,13.1078825
-28.99622345,-11.3443718,14.51007557
-29.20439911,-14.44307804,13.86401367
-30.13759995,-19.39861298,13.94776344
-33.04009628,-21.23869324,14.26840115
-34.37528992,-18.40319824,15.70648766
-34.77249908,-15.14896011,17.17328835
-40.86701584,-14.15593815,20.43470573
-43.85804367,-10.3728857,25.43331146
-56.83911133,-0.22731815,26.27558517
-66.37450409,8.84148026,25.68216705
-75.18009949,14.86182117,20.46102715
-78.39844513,18.06341743,13.31605721
-78.39844513,20.17627907,10.20778179
-78.39844513,31.00380325,9.51146984
-78.39844513,38.64887238,-0.18664016
-78.39844513,34.09293747,-19.63071632
-46.09055328,35.96173096,-32.07817841
-39.32603836,39.8572464,-58.5428009
-41.24269104,40.70669937,-78.40083313
-0.71545398,46.83711243,-78.40083313
42.58985138,43.08037949,-78.40083313
5.97966337,-10.45424175,-47.64348984
-26.68954277,-39.64428711,-19.42732811
-37.81856155,-20.66680908,1.59601259
-21.50669098,-22.82274055,19.34357643
-1.91665089,-19.53021812,-1.31365979
-6.70229626,-9.68375301,11.30608654
-6.81236649,5.63031197,2.93120766
-6.57069063,-4.3956151,-0.5910272
-10.14317608,-1.63190508,2.48853564
-8.43709278,3.11545515,-2.7924242
-7.1593256,5.63031197,-5.24985313
-9.86560822,16.45304871,-7.1593256
-12.60538864,23.71287155,-6.65683222
-13.91904926,11.65543938,-8.13320446
-17.44367599,-0.71306109,-10.77009487
-20.17388725,-7.49192762,-10.34656429
-17.78824234,-11.24626637,-13.21795177
-22.4638195,-9.61675358,-13.48116302
-25.34477806,-4.2759738,-10.85862923
-26.65125847,-4.83110905,-7.81735134
-27.09153748,-8.37727165,-4.30708075
-26.50051117,-11.89950752,-1.22991073
-24.81835747,-14.16311646,0.47138608
-25.37827492,-12.97388458,0.7657032
-23.6315155,-11.29173088,1.74676049
-22.87059975,-12.15553951,3.16570449
-25.1724968,-13.7156601,4.45064974
-27.45763969,-12.89013481,6.33619452
-26.66561508,-11.93779182,9.10947514
-25.32563591,-13.72283649,10.56191921
-24.76810646,-17.20678711,12.28475189
-23.34437752,-20.2289238,14.28515148
-20.73141479,-22.26521301,15.95534229
-18.66401672,-23.65065765,17.58485413
-16.86461449,-25.17010117,18.7238369
-15.60598946,-26.46222496,20.1284256
-14.29950809,-25.3878479,21.1956234
-12.35414219,-23.6171608,21.45165443
-11.12423134,-21.85364914,20.83191299
-9.68136024,-20.39641953,19.05883217
-9.12143993,-19.44407654,16.30708694
-9.12861824,-18.0586319,13.46919823
-8.2456665,-16.02473259,10.19581604
-7.33878708,-13.20120239,7.64506817
-7.20000315,-10.92562866,4.70668173
-7.87238646,-10.41835022,1.91904378
-9.16211796,-10.4662056,-0.44027936
-10.01874828,-9.27458096,-2.57228422
-10.02592659,-6.84586525,-4.60139799
-9.61436176,-4.37168694,-6.02512789
-8.7912302,-3.65862608,-7.02293444
-8.74815941,-2.31385946,-7.13539743
-8.10209751,0.4235296,-7.78863764
-7.66181803,2.42871499,-8.65244675
-8.35334396,2.54835606,-8.39402199
-9.67657471,1.94297194,-7.75992393
-10.48056316,2.06979156,-7.23828888
-11.00459099,2.38085842,-8.16191769
-11.49033356,2.96710014,-10.25324535
-7.25503778,0.25363919,-11.47836971
-6.83150864,-3.51027083,-12.53599739
-8.5830555,-5.56331205,-12.15553951
-9.87757111,-5.19242477,-13.17488098
-9.64786053,-6.25723076,-13.440485
-10.87777138,-9.65743256,-13.39502048
-13.53380489,-13.01217079,-12.35653591
-16.64686775,-14.4885416,-10.92323494
-18.26202202,-13.49312687,-9.74118137
-17.76431656,-10.64088154,-9.09511948
-14.87378502,-8.78644466,-8.45623589
-11.63151073,-8.42512798,-7.65463972
-6.90807819,-11.69372368,-7.85802937
-6.66401052,-14.22054577,-4.90289354
-7.1760745,-12.55035496,-3.59641242
-9.24347401,-11.45444202,-0.51206404
-10.14556885,-11.90189934,2.69671106
-9.27458096,-11.72004604,4.32143736
-7.99202728,-10.05942631,5.25942373
-7.46799898,-7.94417095,5.76191711
-5.40299368,-5.47238588,5.31445885
-5.74995279,-4.05344152,6.49651384
-7.05404091,-0.7609176,7.74078131
-4.74257469,3.7471602,8.25045204
-3.01017094,5.59920549,9.03529835
-5.39342213,3.39780831,9.78425217
-9.51386261,1.31605232,10.72463131
-11.47119045,-0.76809603,11.01177025
-11.9090786,-2.28993106,11.13619614
-12.63410378,-3.63709044,11.42812061
-15.54377556,-4.10129786,10.83948708
-17.59203339,-1.03130651,8.38205719
-15.78305912,3.27338123,4.88375092
-15.57248974,3.40020084,3.79262376
-24.70110703,4.01276398,4.46261406
-60.05506516,16.69950867,-0.45224348
-12.69392395,-21.96371841,-2.81395936
22.48535347,0.67477596,28.85744095
9.35832977,3.69451785,39.08914948
-28.37887764,4.09890556,0.03828516
-18.13520241,1.9477576,5.38385105
0.58384871,-5.15653276,16.14676666
-9.39661407,-6.13758993,7.41535759
-12.5862484,-1.81854522,5.56331205
-4.49611378,-10.73659515,4.35254431
-7.82213688,-8.30548763,5.14935446
-7.28614473,-7.25743103,7.98963451
-7.41057205,-8.25284481,6.47976351
-7.43450022,-5.30010271,7.61635494
-7.14257574,-6.00837755,8.29830837
-7.46799898,-5.58245516,10.06660557
-6.50369215,-5.27617407,10.29631615
-6.05623436,-5.94377184,9.27697372
-6.30269432,-5.21156788,7.71924591
-6.15673304,-3.7998023,7.45842838
-6.10887623,-2.87378001,6.6927247
-5.74995279,-3.25902438,6.49172735
-5.7260251,-2.64167619,6.97268486
-5.40538597,-2.0554347,7.02054167
-5.73320341,-2.64646196,6.86261511
-5.84327316,-2.51724935,6.8267231
-6.55872679,-2.73260355,6.51565552
-6.33858728,-2.23489618,6.8554368
-6.22851753,-2.32343078,6.84586525
-6.39362192,-2.1056838,6.86979342
-6.49651384,-2.21814656,6.80758047
-6.59940529,-2.30668116,6.66640377
-6.53240585,-1.98125708,6.67358208
-6.37687254,-2.59860539,6.48694229
-6.89850807,-3.2470603,6.5228343
-6.5012989,-3.01256394,6.57308388
-6.60419035,-3.33798766,6.76690245
-6.49890614,-3.07238412,7.05164814
-6.2811594,-3.24227452,7.31485891
-6.62333345,-3.02692056,6.64486837
-6.37447929,-3.24945307,6.71186733
-6.57308388,-2.94317174,6.79561663
-6.34576559,-2.9096725,6.80518818
-6.46062088,-2.50767803,6.86740112
-6.7262249,-3.15852594,6.8267231
-6.47737074,-2.93120766,6.82193708
-6.36490774,-2.53639221,6.79083014
-6.43429995,-2.41435814,6.87457943
-6.38165808,-2.25164604,7.1688962
-6.05623436,-2.18703985,7.13539743
-6.54676247,-2.52682066,6.75972366
-6.29073095,-2.60339117,6.95832825
-6.81236649,-2.93120766,6.53958416
-6.77168846,-3.28295255,6.60658312
-6.82193708,-2.78285265,6.70229626
-6.86979342,-2.74456763,6.66640377
-6.84107971,-2.81635213,6.54676247
-6.64008331,-2.84028053,6.58744049
-6.70947504,-2.77328134,6.70947504
-6.66161823,-2.85463738,6.64008331
-6.75733137,-2.78524542,6.66879702
-6.76690245,-2.92402935,6.50847769
-6.87457943,-2.95035028,6.68315363
-6.70947504,-2.87856579,6.59461927
-6.3098731,-2.69431806,6.59461927
-6.43908548,-3.01734924,6.77168846
-6.67118979,-2.99102831,6.58983374
-7.01097012,-3.42412925,6.60419035
-6.68315363,-3.22313213,6.64247513
-7.12582588,-3.36670136,6.2931242
-7.13300419,-3.46959305,6.38165808
-7.04925585,-3.23748875,6.60897589
-6.71186733,-3.32363057,5.97727108
-6.56829834,-3.14416885,6.24765968
-6.71904564,-3.23748875,5.62313318
-6.31944466,-3.34995174,5.68534708
-6.97029257,-3.51266384,6.41276455
-7.2598238,-3.64426899,6.69990349
-7.14975405,-4.5080781,6.66879702
-6.73100996,-4.35733032,5.66141844
-6.46301413,-3.13938308,7.0468626
-6.78843784,-3.47916412,5.90548658
-7.33639383,-4.01994181,5.66620398
-7.0971117,-4.53918457,6.26680231
-6.98943472,-3.534199,6.01555634
-7.48714209,-4.07258415,6.92961454
-7.01575613,-4.26640272,5.83848715
-7.17846775,-3.37866569,7.03250551
-6.83390141,-3.89790821,5.94377184
-7.24785995,-1.89272261,6.49172735
-6.31226587,-5.73559523,6.38644361
-7.20957422,-3.95294309,6.76690245
-7.56131983,-5.17806768,6.49890614
-7.37467957,-4.41954327,6.76451015
-7.85802937,-5.27378082,6.37447929
-7.34835863,-4.37886572,7.12103939
-6.86500788,-3.7543385,8.71466064
-7.16171789,-4.37886572,8.42273521
-6.87457943,-3.25423884,9.73160934
-8.24088097,-3.27338123,10.63370419
-9.04247665,-2.99820662,11.28215885
-9.7387886,-3.129812,12.49053478
-7.50628471,-2.91685081,15.5054903
-6.38883591,-4.11086941,14.95753384
-11.46401405,-11.22712326,19.35314941
-30.22374153,-10.7677021,25.98365974
-35.76551819,-4.3669014,21.26740837
-29.21157646,2.19900417,23.01656151
-22.11685944,8.56630516,22.36092758
-23.1912384,21.21476364,15.5054903
-34.30828857,39.45046616,6.72861719
-59.93063736,31.58047295,19.40579033
-36.72743607,-7.32682276,12.70110226
-27.64188576,-11.25344467,9.50907707
-24.27279282,-6.05862665,4.64446878
-24.00479698,-1.77786732,1.21316111
-21.90389633,-1.77786732,-2.31146669
-23.82533455,0.70109701,-5.64466906
-22.41835594,0.56470615,-8.83669376
-16.63729477,-1.84965181,-13.00020504
-11.56451035,-7.55892658,-16.7665081
-16.38844299,-12.00000572,-17.93181229
-19.31965065,-12.92602825,-17.17328835
-18.64966011,-11.46640682,-16.77368736
-15.92901993,-9.16929626,-13.9549427
-13.94776344,-9.41097164,-11.53819084
-11.63868999,-11.40658569,-7.98724127
-12.87338543,-13.77069378,-6.81236649
-11.84925747,-18.09213257,-2.19661117
-14.40479279,-20.99941254,-0.71545398
-17.50110435,-24.3708992,1.62711942
-21.51147652,-25.30170631,4.02233458
-27.06521797,-23.5549469,5.57766914
-30.25245667,-20.25285149,6.6352973
-33.45883942,-18.55633926,9.41336346
-34.38007355,-17.58963966,12.24168015
-36.1675148,-18.50130463,11.8085804
-39.09872055,-21.83690071,14.52443218
-43.55176163,-24.59821701,16.30708694
-47.76552582,-21.9996109,17.64228058
-49.94060135,-14.99103451,19.09711647
-54.17111206,-3.75912428,21.1956234
-55.43452072,3.47437835,22.31546211
-56.86064529,7.78145933,21.99482727
-67.92505646,22.33460617,19.47518349
-68.94200134,26.58186531,18.02991867
-73.97889709,26.07458687,14.05783367
-78.39844513,30.25006294,10.42552853
-78.39844513,32.97548676,1.82093811
-71.28936768,26.54118919,-10.56670475
-55.5182724,18.60658836,-18.27877235
-52.98905563,30.85066414,-19.56132507
-34.73421097,5.08474779,-35.43531036
-37.40699768,-15.03410435,-67.59484863
-26.91446877,-12.24885845,-78.40083313
17.84567261,21.2458725,-78.40083313
30.544384,52.51049042,-59.53342819
-13.74676609,20.33420753,-34.5499649
-32.53281784,9.75075245,-30.41277504
-25.96690941,10.45184898,-5.93659306
-22.54996109,5.94616461,-2.79960275
-14.72064495,-2.89531517,-14.73500156
-17.28814316,-19.58046722,-9.82014465
-18.5611248,-17.66381645,-4.95553589
-29.27379227,-15.50309753,0.90209407
-23.2414856,-7.53739166,-1.19401848
-19.41536331,0.93320084,-3.12741899
-21.52104759,3.60598373,1.5864414
-21.50908279,1.07916296,3.22313213
-20.81755829,-4.14436865,3.43130755
-21.15494537,-7.53499842,4.10129786
-20.46102715,-8.31266594,2.57467723
-19.58046722,-12.09093189,3.46959305
-19.92503166,-14.75414467,1.52901375
-21.19083786,-15.98405457,0.10528419
-22.62892342,-11.91864872,1.914258
-24.17468643,-15.29252911,4.26400995
-25.46441841,-19.94656944,6.91286469
-25.67977142,-23.43291283,8.20259571
-23.52623177,-25.93101883,8.77208805
-21.84168434,-27.1441803,11.02134132
-20.16671181,-25.72762871,12.49292755
-18.91526222,-23.31327057,12.63649559
-17.31925011,-23.20320129,12.01436234
-15.51506233,-25.73002052,11.68893909
-13.57687569,-27.3068924,13.14138126
-12.51685429,-27.94577599,15.70170307
-11.413764,-26.63929558,18.24048615
-9.89432144,-22.37049866,20.30070686
-7.11386156,-18.64487457,22.47578239
-4.21854639,-18.14955902,23.48555374
-1.86161602,-20.00160408,23.82533455
-0.0526421,-20.69791603,23.29891396
0.65084779,-19.53500366,22.36810684
-1.34715903,-16.7042942,21.01855659
-3.18723965,-12.58146191,19.01815414
-3.58923388,-8.74337387,16.5655117
-3.38584423,-6.97507811,13.01456261
-3.18963289,-7.02293444,9.19083214
-2.91206503,-8.65723228,5.56331205
-3.12024069,-10.83470154,2.33300209
-3.38584423,-12.50249863,-0.10049855
-3.16570449,-12.88774204,-2.23250365
-3.40498662,-11.98564911,-3.26859593
-5.59202671,-9.65982533,-4.24965286
-7.70249605,-6.77168846,-5.45563555
-8.62851906,-4.56789827,-6.78604507
-9.28415203,-3.85723019,-8.32223701
-9.21954536,-4.56071997,-9.72921658
-9.46361351,-8.28395271,-10.80598736
-9.18365288,-7.14736128,-10.38006496
-8.44905663,-3.92422915,-9.16451073
-7.73838806,-0.53359944,-8.30309391
-7.66660357,1.7898314,-7.18325377
-7.81017351,2.23250365,-6.83150864
-8.21695232,1.41415811,-6.38165808
-7.98006344,0.70348984,-5.60638332
-7.56849813,1.06241322,-4.93639326
-6.80758047,1.83290219,-4.08933401
-6.00837755,2.21336079,-3.08913398
-5.30010271,1.99082839,-2.47178578
-4.68275404,1.29212427,-2.04825616
-4.61096954,1.05762756,-1.95015049
-4.68036127,1.25144613,-1.83290219
-5.07996273,1.10548413,-2.04825616
-5.25942373,0.5910272,-2.35214472
-6.28594542,-0.10767703,-3.15852594
-7.25503778,-0.97627169,-4.93160772
-6.75015306,-2.88335109,-6.48694229
-6.19741106,-4.73300314,-7.17846775
-7.72163868,-5.07996273,-7.00857782
-10.07139015,-4.17786837,-6.32662296
-11.13619614,-3.42652202,-6.8554368
-11.49990559,-5.03689194,-7.36989403
-12.81117153,-6.98704195,-7.17846775
-12.53121185,-8.24327469,-7.04925585
-10.95912743,-9.97567749,-7.47039223
-9.86800003,-11.67218876,-6.76211691
-9.85603619,-12.47139168,-5.19242477
-13.24188042,-11.53819084,-3.60837626
-17.23550034,-10.06660557,-1.84725893
-18.17109489,-9.28175926,-0.51206404
-17.38385582,-9.49232769,0.63649076
-16.9292202,-9.4564352,1.63429797
-16.03669739,-8.76251698,2.24686027
-13.58166027,-8.36770058,2.8642087
-8.4083786,-10.04267597,3.7256248
-6.30030203,-9.9445715,4.78803825
-6.84586525,-7.68574619,5.21156788
-8.65723228,-4.7282176,6.98464966
-10.89212799,-1.63429797,7.55892658
-12.73460197,0.83030939,7.27896643
-12.84227943,1.87118721,7.12582588
-11.74158001,1.86161602,6.52762032
-11.24626637,0.64606214,5.91505766
-11.51426315,-0.404387,5.75234556
-11.18405342,-1.94297194,5.42931461
-10.89691448,-4.22333193,5.29770947
-11.27019501,-5.80498791,5.01774931
-11.11944771,-5.7284174,5.17567539
-12.15314674,-3.60598373,4.71625328
-12.69392395,-0.71306109,4.60379076
-26.68715096,1.44765759,9.61436176
-57.60242081,6.24287462,21.75075722
-38.89054489,8.80797958,-0.33499515
-11.19841099,-8.38444996,-3.62034059
-5.35752964,-15.66102409,12.8446722
6.33619452,-3.42412925,20.99223328
-7.45603561,-1.35912311,10.70309544
-17.86720657,-2.42153645,8.50169945
-15.64188194,-1.80658102,1.60319114
-5.23549604,-1.81854522,8.69312477
-5.80977345,-2.82353091,6.31944466
-9.7890377,-4.3740797,5.53220558
-8.65723228,-3.88594389,6.58265543
-7.55892658,-5.9270215,7.82452965
-7.02771997,-4.85503721,5.86480808
-9.49472046,-2.90249395,4.96032095
-6.95832825,-3.77348137,7.57567644
-8.32941628,-3.78544521,5.13021135
-7.50867701,-3.95533562,5.71166754
-7.8125658,-5.73559523,6.56111956
-6.03230619,-7.3722868,10.01635551
-3.67776847,-5.90309381,11.38744259
-7.11146927,-8.54477024,10.36331463
-7.60439014,-5.93180704,7.64028215
-6.74058151,-3.90269375,6.72383165
-6.43190718,-1.94536483,7.25264549
-6.56351233,-2.2013967,7.45364237
-6.43669271,-2.71585345,7.93459988
-5.58245516,-2.10089827,7.87956476
-5.89352226,-2.54596305,7.18325377
-5.98444986,-2.77567434,6.94875669
-6.080163,-2.89770818,6.8554368
-5.98444986,-2.49332118,6.86261511
-6.02991343,-2.15593338,6.94875669
-6.18544626,-2.23011065,6.88654327
-6.32423067,-2.54117775,6.87936497
-6.30269432,-3.14177632,6.72383165
-6.3529439,-3.47437835,6.61854744
-6.43429995,-3.67537546,6.57308388
-6.29073095,-3.51027083,6.51326323
-6.6137619,-3.30927372,6.58983374
-6.44865704,-3.39780831,6.00359154
-6.46779966,-3.01256394,6.86261511
-6.47976351,-3.49591374,6.68076086
-6.44865704,-3.16331148,6.82432985
-6.45583582,-3.4839499,6.66879702
-6.31465912,-3.50309229,6.64247513
-6.5060854,-3.46720004,6.68793869
-6.54915571,-3.57009125,6.63051176
-6.59701204,-3.57248402,6.73818827
-6.65683222,-3.4169507,6.7262249
-6.49651384,-2.83788776,6.91047144
-6.44147873,-3.04367042,7.13300419
-6.28594542,-2.82113791,6.78125954
-6.41755056,-2.98624253,6.85065126
-6.29073095,-3.19202518,6.74775982
-6.43908548,-3.45045018,6.58026218
-6.45583582,-3.81415939,6.47976351
-6.68793869,-3.06281281,6.66640377
-6.51565552,-3.07477713,6.6352973
-6.47497749,-3.04367042,6.74775982
-5.82652283,-2.67278266,6.85065126
-5.93659306,-2.96710014,6.38405037
-5.78345203,-3.22313213,6.65443993
-6.36490774,-3.61076951,6.70468855
-6.34337234,-3.51266384,6.34337234
-6.38405037,-3.64426899,6.55154848
-6.60897589,-4.46261406,6.25723076
-6.65443993,-4.13479757,6.53958416
-6.28355265,-4.18026114,6.92243624
-6.55394125,-4.07258415,5.83370161
-6.52762032,-4.42672157,6.81715155
-6.92482853,-4.04387045,6.7357955
-6.7357955,-4.04626322,6.90807819
-5.73320341,-3.88115835,6.68793869
-6.32183743,-4.18983221,7.78863764
-6.61854744,-4.06779861,7.12103939
-6.77886629,-4.24486732,7.0468626
-6.7549386,-4.3669014,6.99422073
-7.0971117,-4.42672157,7.30050182
-7.08275461,-3.84765863,7.75753117
-7.57806921,-6.64726114,6.04905558
-6.89132977,-4.83828735,9.08315468
-7.03729105,-5.63031197,9.12861824
-7.20478916,-5.22831726,9.91585636
-7.00139904,-6.09930468,12.71545887
-8.69791031,-4.22333193,13.30887985
-7.64985371,-5.70209646,13.28734303
-7.00857782,-9.15015411,12.37807178
-10.30827999,-5.86720085,13.18923855
-10.02592659,-3.98165679,14.23011684
-14.9718914,-6.09691238,25.13899612
-27.46242332,-6.47019196,31.51347351
-38.0626297,-2.40717959,23.12184334
-30.65684319,4.16111851,21.20280266
-16.2137661,26.4047966,7.4512496
-34.8131752,39.71606827,11.37787151
-50.04827499,18.6113739,18.26202202
-39.29254532,-0.88534433,19.70010757
-32.96352386,-13.2969141,16.05105591
-26.05065918,-16.12044525,15.04606819
-18.97029877,-8.02313423,10.94237804
-17.99163246,-2.27318144,6.75733137
-22.31067657,-0.44267216,3.16570449
-27.48874664,1.78504562,-2.58424854
-29.52503777,4.64446878,-8.88933659
-24.22732925,3.47437835,-12.85185146
-17.22593117,-5.93180704,-17.62792397
-22.24368095,-8.86062145,-21.69333076
-27.51028252,-16.2640152,-16.18265915
-26.85943604,-12.91406441,-16.24965858
-24.66043091,-7.48714209,-14.50529099
-21.75793648,-5.18763924,-12.18903828
-19.75753593,-8.6715889,-10.03789139
-18.58983803,-12.6125679,-6.49890614
-17.91745567,-15.11785316,-3.09152699
-18.02513313,-16.63968849,-0.79202431
-19.73600006,-17.34796524,1.94297194
-21.32722855,-18.12084579,3.11784792
-24.48814774,-18.80040741,4.5152564
-26.4670105,-18.70469475,5.83848715
-29.05604553,-17.79063606,6.00598478
-30.30749321,-16.41715622,8.03509808
-29.19961357,-18.77887154,9.42532825
-26.6799736,-25.31367111,9.51146984
-26.61297226,-28.46980476,12.13639641
-32.39881897,-41.18047714,19.18804359
-41.52504349,-36.55036545,25.71566391
-50.09613419,-23.71047974,31.42733192
-60.42834091,-1.73958206,39.45286179
-68.65726471,18.46302032,39.39543152
-76.65885925,23.76312256,36.6054039
-78.39844513,29.17089844,28.99143982
-78.39844513,30.43670273,24.0071888
-78.39844513,40.32863235,15.53898907
-78.39844513,39.103508,2.9096725
-78.39844513,36.01197815,-10.49491978
-61.75396729,31.67379379,-31.03969574
-41.9031105,43.25027084,-39.02215195
-34.83950043,18.3601284,-60.64130402
-31.30529785,2.88813686,-78.40083313
3.20159674,24.79682159,-78.40083313
26.73261452,53.63272476,-68.46343994
-20.19063759,33.12145233,-35.992836
-33.27937698,5.18524647,-25.73719978
-10.38724232,0.14835501,-9.17647457
-12.12443256,1.23230362,-7.01336288
-14.75893021,5.14696121,0.36610189
-14.83310795,6.4008007,0.93320084
-9.35832977,3.73041058,2.11286235
-6.82432985,2.95752883,-1.81615233
-7.34596539,0.60777694,-3.18484712
-10.0833559,-2.725425,-2.31864524
-11.65304565,-3.7974093,-1.94536483
-11.7272234,-9.42532825,-2.64167619
-10.92562866,-11.81575775,-5.05124807
-14.59382439,-12.50249863,-4.35254431
-17.07518196,-13.6725893,-5.40299368
-17.62313843,-19.03251076,-7.30050182
-20.3174572,-24.44986343,-8.26720238
-25.15813828,-25.59123802,-8.01595592
-26.00998306,-19.81974792,-6.46540737
-28.18984222,-17.19482231,-5.00099897
-30.26202583,-17.57767487,-2.54117775
-30.08735275,-19.70489502,-1.2035898
-27.17528534,-23.43530655,-0.70348984
-25.48834801,-22.54996109,1.64386916
-23.74158669,-18.21655846,2.99342132
-24.81357193,-16.50090408,5.86480808
-24.83989334,-17.11825371,7.44646406
-23.11466599,-17.73320961,10.0642128
-21.79622078,-18.21177292,12.24646568
-20.87259102,-17.37907028,14.14397526
-19.05644035,-15.53181267,16.06780243
-16.39562225,-14.75653839,17.95095634
-13.68215942,-14.57946873,19.61396599
-11.4831562,-14.56511211,21.12623215
-10.13838959,-13.31127262,22.38007164
-9.02094173,-12.4426775,22.68156624
-6.94636393,-12.25125122,23.24627113
-4.97946358,-12.37328529,23.26062965
-2.58185577,-13.84487247,22.66242409
-1.15334058,-16.31904984,21.77947044
-1.01934242,-16.79282951,20.73619843
-0.48335019,-15.28534985,18.22852135
-1.60558403,-12.15075302,15.55095387
-1.80418813,-9.56889725,12.25125122
-2.09371972,-9.62393284,7.90827847
-2.75892425,-11.56690407,2.96470737
-4.40040112,-12.34696484,-0.75852478
-6.51804876,-9.6502533,-4.22811794
-6.93440008,-5.91266441,-6.86740112
-6.90329313,-2.42153645,-9.4372921
-7.42014313,-0.15074782,-10.79402161
-7.83649445,-0.06221339,-12.08614635
-8.42512798,-1.70368969,-11.92343521
-11.40658569,-2.35214472,-12.54556847
-14.40718555,-1.07916296,-13.14856052
-15.2542448,0.80877399,-12.77288723
-15.60838318,2.4382863,-12.70588779
-14.83310795,2.97906399,-11.83729267
-12.85902786,1.87597299,-10.24367332
-11.21037388,0.27038896,-9.1046896
-11.06441116,0.03110669,-7.37707233
-11.27019501,0.61974102,-6.1615181
-11.96889973,-2.0554347,-4.29511642
-12.2799654,-3.97208548,-3.68733978
-11.60758305,-5.68773937,-2.81635213
-11.33001423,-6.36251545,-1.95015049
-10.94477177,-6.12084007,-1.59840548
-11.24148083,-5.04167795,-1.60558403
-11.10509014,-3.91226482,-2.21814656
-9.37747192,-4.24008179,-2.52682066
-9.24586678,-4.94596434,-4.06061983
-9.60239697,-5.82173681,-5.1110692
-8.31266594,-5.71166754,-5.3527441
-6.65922546,-4.71146774,-6.53240585
-5.13260412,-4.40040112,-6.80758047
-5.85763025,-3.83330178,-6.76451015
-6.42712164,-2.83788776,-6.259624
-5.33120918,-4.35972261,-5.36710119
-5.86480808,-6.9272213,-4.00797796
-7.69531727,-8.12841797,-2.97188592
-8.9730854,-7.49910593,-1.48833561
-10.97348404,-5.47717047,-0.60299128
-10.60738182,-3.23988175,-0.57667029
-8.38205719,-2.34496617,-1.23948205
-6.73818827,-2.51964235,-1.78025985
-6.60897589,-3.15134716,-1.51704955
-8.07099056,-3.17527556,-0.35413775
-9.27936649,-1.68933284,0.57188463
-8.77687359,-0.69870424,1.80897391
-9.05922699,-1.2777673,3.79501677
-10.2029953,-2.92642236,5.19960403
-10.84187889,-3.64666176,6.7142601
-11.30608654,-2.70388961,7.0971117
-10.83230782,-2.28514576,7.76710224
-10.63848877,-0.03589234,7.00379133
-9.28893757,-0.09810572,7.12821865
-10.19342422,-1.39262271,7.98724127
-13.18445396,-1.80179524,12.01196957
-17.38624954,-2.87617278,12.90210056
-19.74796486,-7.48235655,11.52383423
-33.31048584,-4.64686155,7.83170843
-63.7639389,10.12642574,-3.43370056
-62.18228149,21.58086586,-13.39502048
-6.51565552,-12.30867958,3.80219507
18.11606026,-19.9034996,26.4047966
5.63988352,-4.33818769,27.54378128
-16.93879128,0.69631135,3.07477713
-22.23650169,0.10528419,3.07477713
-0.41156551,-1.58165574,13.48116302
-4.88614368,-6.34098005,9.83689308
-11.49033356,-4.68993235,4.79043102
-6.76451015,-2.723032,7.34596539
-6.07059145,-4.61096954,6.30030203
-9.15972424,-4.14915419,6.14955425
-6.61615467,-3.24466753,7.5230341
-8.07099056,-5.28335238,6.87697172
-7.51107025,-4.91246462,7.70488882
-7.18325377,-4.84546566,8.0877409
-5.98205662,-5.19003248,8.04227638
-5.60399008,-6.04426956,8.1954174
-5.83130836,-7.17128944,10.67677498
-5.41974354,-5.8480587,8.99462032
-5.61595488,-4.52722073,7.35075092
-8.65244675,-5.36949396,5.86959362
-5.58963394,-1.68693995,7.36510801
-5.59441948,-2.31385946,7.26700211
-5.52981329,-2.25164604,7.43928528
-6.0610199,-2.723032,7.19282484
-5.92941475,-3.36670136,6.80997324
-6.44147873,-3.38823676,6.86500788
-6.26680231,-3.17049003,6.68076086
-6.44865704,-3.21116805,6.6352973
-6.81236649,-3.4169507,6.73340273
-6.38644361,-3.42173648,6.62094021
-6.24765968,-3.79262376,6.46301413
-6.58983374,-3.83808756,6.14237595
-6.58983374,-3.97447824,6.16630459
-6.48215675,-3.53898454,6.30269432
-6.42472887,-3.69930363,6.55154848
-6.33140898,-3.47916412,6.4725852
-6.57308388,-3.42412925,6.6137619
-6.41515732,-3.35952282,6.73100996
-6.27158785,-3.60359049,6.58265543
-6.12323284,-3.35473752,6.55872679
-6.17587471,-3.1465621,6.63051176
-6.35533714,-3.49352098,6.60658312
-6.25244617,-2.91924357,6.93440008
-6.19262457,-3.53898454,6.7142601
-6.39362192,-3.68255401,6.67597532
-6.34337234,-3.3714869,6.78125954
-6.55154848,-3.30927372,6.73340273
-6.19023228,-3.23509598,6.66161823
-6.54197741,-3.93380046,6.56111956
-6.48215675,-3.2925241,6.90329313
-6.55872679,-3.50069952,6.51804876
-6.38883591,-3.22073936,6.65204668
-6.28594542,-3.22552514,6.39840746
-6.27876616,-3.23270369,6.58026218
-6.39122915,-3.68494701,6.50847769
-4.66839695,-2.12243366,8.07338333
-6.37447929,-4.68753958,5.23549604
-6.70468855,-4.11086941,6.23330307
-5.98444986,-3.5605197,6.97268486
-6.59701204,-4.06779861,6.07298422
-6.47737074,-3.28055978,6.06341267
-6.24287462,-3.57248402,6.18305397
-5.81455898,-3.80937362,6.37447929
-5.85045147,-4.2041893,6.45105028
-5.82891607,-3.85723019,7.44407082
-6.36730099,-4.24247456,6.18066072
-6.31226587,-3.7974093,6.49890614
-6.09451914,-4.64686155,6.82193708
-6.52044153,-3.68733978,7.81735134
-6.41755056,-3.57009125,7.63789034
-7.3100729,-4.56311274,6.99182749
-6.85304403,-4.47218561,7.75753117
-7.06121969,-6.46301413,7.36989403
-6.44626427,-5.82891607,6.38883591
-6.44147873,-8.91804981,7.37707233
-6.80279493,-6.04426956,8.99222755
-7.38664341,-7.43689251,9.21236706
-7.91785002,-6.24048138,10.85623646
-8.01834869,-6.37447929,12.53839111
-7.72881651,-4.78325272,13.83769321
-9.62871838,-3.99122834,16.84068489
-6.04666281,-4.0414772,15.72802258
-6.70468855,-7.44885683,16.02712631
-18.65923119,-9.02094173,29.94856834
-30.52284622,-8.42752075,27.45046043
-41.16373062,-1.9357934,20.11167526
-26.50529671,7.02532768,23.18884468
-21.28176308,17.77627945,14.60578823
-37.8999176,37.25624847,5.61595488
-55.53980637,25.54577446,24.5718956
-48.16991043,7.2598238,19.25743675
-34.9136734,-5.90787888,15.04846096
-27.67538643,-11.45444202,15.23270988
-18.18784523,-7.04446983,10.59541893
-20.76491547,0.83270228,8.15473938
-20.52084541,10.64566803,8.43230724
-25.52424049,12.93081474,-0.7657032
-25.30170631,16.22333908,-4.46500731
-21.94218254,14.3808651,-10.14317608
-18.7358017,7.20957422,-14.24686527
-20.85344887,1.89990115,-19.59961128
-25.45245361,-0.76809603,-21.87997055
-27.98406029,-0.79920274,-21.96611023
-26.94796753,1.17966151,-23.28455544
-24.08615303,1.92622221,-23.13380814
-15.45763302,-7.8125658,-19.69532204
-13.35673714,-12.73699474,-14.98864079
-12.31107235,-17.99402618,-10.49970627
-11.98325634,-21.11665916,-6.65204668
-13.95972729,-22.90170479,-3.79023099
-14.74696541,-23.62433815,1.10309124
-18.18305969,-23.2414856,3.32363057
-22.94238091,-22.29392815,5.86480808
-24.36371803,-21.6359024,6.56351233
-28.13241386,-22.91606331,8.65483952
-29.48436165,-23.63869476,10.49252796
-31.85803986,-24.09811592,12.71545887
-34.90410233,-23.40898323,14.35214901
-38.23012543,-21.43251228,17.78345871
-41.02494049,-17.08236122,21.42054749
-42.45106506,-12.12203979,23.95454788
-45.9709053,-7.99442005,24.88774681
-49.16054153,-3.78783822,26.50051117
-48.82315445,3.06042004,27.76870918
-58.07859039,10.57866859,27.80698967
-66.19026184,15.78305912,25.99323273
-71.49514771,18.02991867,21.8871479
-77.92945099,17.56331825,19.27418518
-78.39844513,23.72722816,17.11346626
-78.39844513,30.47738266,10.12642574
-78.39844513,31.21437073,-0.42831525
-69.72685242,26.80200577,-17.42692757
-51.57250595,32.22892761,-25.24667168
-46.07858658,26.57468605,-50.64409256
-37.30888748,19.53739548,-78.40083313
-3.95533562,31.68575859,-78.40083313
47.21996307,63.54618835,-78.40083313
20.07099724,28.32144928,-28.96512032
-20.86541176,-3.93380046,-33.57847977
-33.6957283,-6.61854744,-23.98326111
-29.25465012,-9.48514938,32.879776
-22.79163551,-21.85125732,2.21336079
-8.70269585,-14.41675568,8.81276608
-3.38823676,-10.38484955,-0.51445687
-1.85683036,-7.00618458,1.2993027
-1.75872457,-6.59940529,-1.24666059
-1.95015049,-4.01515627,-3.84048009
-3.25184608,2.94317174,-5.47238588
-4.33579445,9.35354424,-4.50568485
-8.39402199,4.98903513,-3.29970264
-8.89651394,-5.34795856,-2.76371002
-8.82233715,-14.55314732,-2.76371002
-10.91366386,-20.87259102,-2.07218432
-12.75613785,-23.89233398,-2.19661117
-13.45723438,-23.87558365,-2.95035028
-14.58903885,-21.68615341,-3.49591374
-16.82393646,-18.08016777,-3.2925241
-15.19442368,-15.12503147,-2.86181593
-14.44307804,-13.46919823,-2.90249395
-15.25903034,-13.78026581,-2.41675091
-16.11087608,-15.17288876,-2.63449764
-16.54876137,-16.15394592,-1.93340075
-16.90529251,-14.17029572,-0.40917265
-17.08236122,-9.80817986,0.87098747
-17.00818253,-6.83150864,1.77786732
-16.6157608,-6.7262249,2.77088857
-17.72363663,-8.5710907,3.73280334
-17.55613899,-10.10488987,4.05583477
-16.08694649,-11.62672615,5.33120918
-14.85703468,-12.31346607,6.5228343
-13.97169209,-13.36152172,8.20020294
-13.22513008,-16.24008751,10.04267597
-12.81835079,-20.33420753,12.40917873
-12.00239849,-22.64088631,15.8189497
-10.3968153,-21.65025902,19.31486511
-7.98963451,-20.52084541,23.29173279
-5.9389863,-21.70050812,26.6177597
-3.6969111,-24.96192551,28.59423065
-0.79441714,-28.83829689,30.19263649
2.5339992,-30.73819923,29.2402916
2.16550446,-27.1202507,27.3212471
1.03848505,-21.87757874,24.11247444
0.05024927,-17.21875191,19.71685791
-0.99780709,-14.41675568,15.5365963
-1.49551415,-12.40917873,11.55494022
-1.38783717,-11.22473049,7.59003353
-2.33300209,-10.34177971,3.99840641
-4.52482748,-9.0161562,0.62691951
-6.82911587,-7.20000315,-2.82592344
-9.24347401,-5.03928471,-6.34815836
-11.47358322,-2.44546461,-9.3990078
-13.00020504,0.36610189,-12.31585884
-13.12941742,2.46939278,-14.01954842
-12.36371422,3.90987229,-14.89053535
-12.33260918,5.75473833,-15.26381683
-11.56929684,7.30768061,-14.4693985
-11.71047401,8.10688305,-13.28255844
-12.57667542,8.58544731,-11.34676456
-12.45464134,8.62851906,-9.1238327
-12.37089252,8.06859779,-7.180861
-12.46899891,6.94157839,-5.69731045
-11.7272234,5.69491768,-4.40757895
-10.77966499,4.13958311,-3.59880543
-10.55713272,2.45025039,-2.50528526
-10.41835022,1.50747836,-1.77547443
-10.04267597,0.54556352,-1.62951219
-10.04746246,-0.9523434,-1.62711942
-9.58325481,-2.80678082,-1.97886431
-9.03769112,-5.22831726,-2.77088857
-8.94437122,-7.80299473,-2.65124726
-8.86540794,-9.8895359,-3.11306214
-8.91565704,-10.5355978,-4.02233458
-8.99940586,-10.10488987,-5.34795856
-8.42752075,-9.17168903,-6.41515732
-7.64506817,-8.40120029,-8.31266594
-6.8554368,-12.30867958,-11.38983536
-8.69312477,-14.25165176,-10.71505928
-8.91326427,-15.07478333,-9.51386261
-8.93480015,-15.7878437,-8.66680336
-10.81316471,-16.28076553,-6.95832825
-13.82812214,-14.48614883,-4.82871628
-14.69910908,-10.61934662,-4.16351128
-13.55294704,-8.82233715,-4.00558519
-13.440485,-10.1144619,-4.42911482
-14.3808651,-10.66959572,-4.90289354
-15.38824272,-11.15294647,-5.45802879
-15.54377556,-8.20738125,-4.75453854
-18.89612007,-9.20758152,-3.48873568
-8.47059155,-0.46181473,-3.53898454
-15.6179533,-1.97886431,-4.74975252
-14.19900894,-1.65822601,-0.99302137
-10.74616623,-1.02652085,-0.80638129
-10.77488136,-0.03110669,-0.14835501
-14.37129211,-2.30428815,0.3254239
-14.93121338,-5.43170691,1.79222405
-14.18943882,-7.13300419,1.5864414
-14.1487608,-8.06141949,2.69671106
-13.89033604,-5.92223597,3.13220477
-12.96191978,-1.83050931,3.85723019
-11.78704453,1.24426782,5.01296329
-11.8588295,2.50049949,6.13041115
-11.75593662,2.20618248,7.62114
-10.91366386,1.16291177,8.26959515
-10.31306553,0.80159557,10.17188835
-9.39182854,-0.46899325,10.43749142
-8.42752075,-2.27557445,11.02852058
-7.83888674,-2.45982146,11.17926788
-14.81157207,-3.23988175,14.00040531
-16.89093399,-0.28235307,9.06401253
-19.19522285,2.45503616,0.41874397
-32.74817276,-1.12941229,-6.88893652
-39.46721649,-6.14476824,-7.91067123
-0.12442677,-5.71406031,3.68255401
5.63988352,0.2009971,8.50648403
-3.93619323,1.95493615,9.80817986
-16.04148293,-0.36610189,2.93120766
-15.0652113,-4.72582483,1.21555388
-7.42732143,-7.14975405,4.18743944
-7.42732143,-5.21874571,4.80957365
-9.89671421,-1.57926297,3.63469768
-8.51605511,-2.77088857,5.51067066
-8.34377193,-4.22093916,4.73061037
-9.08076191,-3.21595359,5.48913527
-8.26480961,-2.40000105,6.48694229
-8.24327469,-1.73240364,6.39122915
-9.27218819,-1.17726874,7.10429096
-8.00399113,-0.62213391,6.4223361
-9.25783062,0.08853444,8.09252644
-7.31964445,-1.92622221,7.21196747
-7.71924591,-3.92901468,5.78105927
-7.67138958,-4.80239487,6.36251545
-7.44646406,-5.67577553,6.65443993
-7.64746141,-5.04406977,6.66879702
-7.21196747,-4.68275404,7.09232616
-7.13539743,-3.42652202,7.36510801
-7.17846775,-3.33080912,7.76470995
-6.77886629,-2.56989145,7.74556684
-6.67118979,-2.80199504,7.72881651
-7.1401825,-3.21595359,7.24068117
-6.39362192,-3.67298269,7.19282484
-6.99661303,-4.07736969,7.01097012
-6.59461927,-3.84526587,7.04925585
-6.7357955,-3.80698085,6.81954432
-6.81236649,-2.73021054,6.57069063
-6.44147873,-2.85942316,6.75015306
-6.32901621,-2.63689041,6.76690245
-6.12562561,-2.73499632,6.77168846
-6.54676247,-2.81156659,6.74536705
-6.65683222,-2.54357028,6.83390141
-6.38644361,-2.69671106,6.63051176
-6.55633354,-2.83070922,6.42712164
-6.56351233,-2.97667122,6.68076086
-6.2811594,-3.44327164,6.77168846
-6.45822859,-3.33080912,6.70229626
-6.80040169,-3.42891502,6.35772943
-6.79083014,-3.38584423,6.47497749
-6.55394125,-3.21356082,6.67836857
-6.6137619,-3.19441795,6.7357955
-6.55394125,-3.14416885,6.73100996
-6.53479862,-3.16809726,6.68793869
-6.44865704,-2.95035028,6.81236649
-6.42712164,-3.01734924,6.84347296
-6.67597532,-3.24945307,6.77408075
-6.65204668,-3.52223492,6.67118979
-6.74536705,-3.51744914,6.6352973
-6.64726114,-3.27816677,6.63051176
-6.57308388,-3.16091871,6.94157839
-6.45822859,-3.18963289,6.79322338
-6.45822859,-2.97667122,6.87936497
-6.40558577,-3.35234427,6.77168846
-6.52522707,-3.0340991,6.93679285
-6.41276455,-3.08195567,6.9391861
-6.20698261,-3.12502646,7.04925585
-6.02752018,-3.01256394,7.04925585
-6.21894598,-3.07238412,6.92961454
-6.4725852,-2.98863554,7.23350286
-6.51326323,-2.86899424,7.11386156
-6.53240585,-3.22073936,7.02054167
-6.47019196,-3.22791791,6.99661303
-6.46540737,-3.4169507,6.86979342
-6.19262457,-3.6299119,7.02771997
-5.83609438,-3.5796628,7.20957422
-6.6137619,-3.32123756,7.068398
-7.26460934,-3.42412925,6.66401052
-6.62572575,-2.76610279,6.96311331
-6.45583582,-2.68474698,7.0468626
-6.43669271,-3.15852594,6.92004299
-6.18305397,-3.06042004,7.1593256
-6.37926579,-3.21595359,7.07557631
-6.31705189,-3.24227452,7.25025225
-6.19023228,-3.0771699,7.17128944
-6.20458937,-3.27338123,7.14257574
-6.17108917,-2.55314159,7.43689251
-6.04187727,-3.19441795,7.28853798
-6.4223361,-2.94795752,7.02532768
-6.8554368,-3.05563474,6.91286469
-6.372087,-3.83090901,7.18564606
-6.33619452,-3.44805741,7.45842838
-6.52044153,-3.45284295,7.44407082
-6.14237595,-3.17049003,7.4799633
-6.13041115,-3.38584423,7.49910593
-6.39122915,-3.28773832,7.45603561
-6.2931242,-3.21356082,7.59003353
-6.36012268,-3.20398951,7.62114
-6.7549386,-2.97667122,8.02313423
-7.67856836,-2.70149684,8.38684368
-7.47757053,-2.35214472,8.08534718
-6.4941206,-2.7924242,7.77667332
-6.09212637,-3.01734924,7.89870739
-7.48714209,-3.12741899,8.51126957
-8.15952492,-3.28295255,9.01136971
-9.35354424,-2.63449764,9.2243309
-9.4372921,-0.87577307,8.39162922
-8.7912302,0.49052864,6.43669271
-8.81994438,2.57467723,8.21456051
-6.09451914,5.04646254,9.76271629
-5.3862443,2.95274329,5.50588512
-8.46819878,0.00717847,9.94217873
-6.38165808,-1.48594296,7.87238646
-5.00339222,-3.27577424,8.57587624
-5.64945364,-3.15852594,7.87717199
-6.0610199,-3.42652202,6.94875669
-5.21156788,-5.19721079,6.18305397
-4.48893547,-7.25743103,5.62074041
-4.10847616,-7.84127998,5.27617407
-3.96490717,-6.80279493,4.97467804
-4.18026114,-5.52502728,4.90528679
-4.74975252,-4.68753958,5.08953333
-5.15653276,-3.66819692,5.37188721
-5.74038124,-2.64646196,5.58245516
-5.9198432,-1.75154614,5.78105927
-5.23788881,-1.48833561,5.41974354
-4.45304298,-2.25882459,5.15414
-4.29511642,-3.17766857,5.13978291
-4.25204563,-3.77826667,5.24985313
-4.23768854,-4.07976246,5.99162817
-4.56311274,-4.53200626,6.4725852
-5.28095961,-5.24028158,7.05164814
-5.78823805,-5.5848484,7.2598238
-6.2093749,-5.70927477,7.13300419
-6.53001308,-5.57766914,6.99182749
-6.78604507,-5.60159779,6.62094021
-6.36730099,-6.09691238,6.49172735
-6.01316309,-5.78823805,5.58963394
-6.28833771,-5.35035086,5.48913527
-6.39601517,-4.93160772,5.59441948
-5.57766914,-4.24486732,6.98225641
-4.49132776,-5.06081963,7.10668325
-3.34038043,-5.82173681,8.01117039
-2.96949315,-7.72163868,8.83908653
-2.96710014,-10.44227791,8.65483952
-3.21834636,-12.25125122,6.51087046
-5.55613422,-10.3154583,5.35752964
-6.38165808,-6.56351233,4.88853645
-7.07796907,-3.67298269,5.10867643
-5.91266441,-2.60099816,6.05862665
-5.0201416,-2.40478683,7.25264549
-4.55354166,-2.88813686,8.38684368
-4.42193651,-3.37387991,8.96351337
-5.14217567,-3.41216493,8.28634453
-4.85503721,-2.6225338,7.34596539
-4.97707129,-2.04347062,7.1401825
-5.80020189,-2.36650157,7.79342318
-5.89830828,-2.60099816,8.14277554
-5.5872407,-2.80438805,7.95134926
-5.64706182,-3.5844481,7.8963151
-5.62791872,-4.34057999,7.33639383
-4.58225536,-4.14915419,6.65204668
-4.35972261,-3.62273359,7.32203722
-4.31425953,-3.62751889,8.15473938
-5.41735077,-4.00079966,8.93001461
-6.02512789,-5.27856636,8.17148876
-7.63549709,-5.70448875,7.84606552
-7.97288513,-4.87417984,8.05184841
-6.8554368,-3.50069952,8.10688305
-6.84347296,-3.90030098,7.8053875
-6.62333345,-3.02692056,7.56131983
-5.19242477,-1.74915326,7.49671364
-5.52263403,-1.84008062,8.1451683
-6.47019196,-2.70628238,7.94417095
-6.18305397,-3.13459778,7.97767115
-5.14456844,-4.90289354,7.65942526
-5.06081963,-2.60339117,7.73838806
-5.67577553,-3.18484712,7.45603561
-5.90548658,-2.91924357,8.05184841
-5.68773937,-2.11286235,8.21695232
-5.78105927,-2.76610279,7.91306448
-5.80738068,-2.34735894,7.81735134
-5.66859674,-2.06261301,7.8341012
-5.65184689,-1.74197495,8.06381226
-5.36949396,-2.33539486,7.80778027
-5.30010271,-2.69910383,7.75035238
-5.42213631,-2.57946301,7.58524752
-5.63988352,-2.68953276,7.75992393
-5.43410015,-2.45025039,7.48714209
-5.93180704,-3.0795629,7.35314369
-6.4725852,-3.32123756,7.30768061
-6.19023228,-3.35473752,7.34357214
-6.05384111,-3.35952282,7.472785
-6.19262457,-3.19681096,7.51824856
-6.3098731,-3.04367042,7.58285522
-6.04426956,-2.64646196,7.61874723
-5.7858448,-2.21575379,7.8341012
-6.05144835,-2.48853564,7.72403193
-6.09451914,-2.74217463,7.3722868
-5.88873672,-2.67039037,7.53978395
-5.9270215,-3.01974201,7.46321392
-5.71645355,-3.5844481,7.46560669
-5.75952387,-3.78305244,7.50149918
-6.30030203,-3.75912428,7.24546719
-6.04426956,-3.47677135,7.180861
-6.21894598,-3.32123756,7.42492867
-5.95812798,-3.11545515,7.46560669
-5.80977345,-2.97188592,7.44885683
-5.58245516,-2.63928318,7.82452965
-5.44127846,-2.34735894,7.68574619
-5.80259514,-2.79960275,7.44646406
-5.9198432,-3.27577424,7.3100729
-6.01077032,-3.21116805,7.42253542
-5.82652283,-3.1058836,7.47517729
-6.00119925,-3.20877528,7.54935551
-5.91744995,-3.04127741,7.50149918
-5.86720085,-2.96231437,7.53739166
-5.76909542,-2.79960275,7.49910593
-5.80738068,-2.84506631,7.55653334
-5.74756002,-2.75892425,7.52542686
-5.63270426,-2.75174618,7.57089043
-5.91505766,-3.16331148,7.40339375
-6.02512789,-3.27577424,7.33160877
-5.96052122,-3.19441795,7.41535759
-5.96769953,-3.0795629,7.42971373
-6.07059145,-3.2925241,7.31725216
-5.99402046,-3.44566488,7.28853798
-6.17108917,-3.52223492,7.36032248
-6.08255482,-3.42173648,7.40578604
-6.12084007,-3.26381016,7.39860725
-6.09930468,-3.26620293,7.3818574
-6.04666281,-3.15852594,7.39382219
-5.998806,-3.10349131,7.42971373
-5.94377184,-2.97667122,7.44885683
-6.04666281,-3.22313213,7.3794651
-6.04666281,-3.35713005,7.31246567
-6.080163,-3.23031044,7.42971373
-6.05144835,-3.29730964,7.29571581
-5.95573521,-3.23748875,7.34117937
-6.00359154,-3.12741899,7.35792923
-5.88395119,-3.13459778,7.3818574
-5.90548658,-3.13220477,7.40817881
-5.96769953,-3.05324173,7.44885683
-5.99162817,-3.01734924,7.36032248
-5.84087992,-3.0843482,7.39382219
-5.86720085,-3.12024069,7.39382219
-5.83370161,-3.04367042,7.42492867
-5.88395119,-3.11784792,7.39382219
-6.02512789,-3.25423884,7.38664341
-5.96769953,-3.21834636,7.30768061
-5.98205662,-3.08674121,7.4010005
-5.95094967,-3.14416885,7.329216
-5.89112949,-3.13938308,7.38664341
-5.95334244,-3.1728828,7.36989403
-5.9270215,-2.91206503,7.33878708
-5.91027164,-3.0843482,7.31246567
-6.00359154,-3.25663161,7.35792923
-5.98444986,-3.30209517,7.30289412
-5.89352226,-3.35952282,7.32203722
-5.85284472,-3.2925241,7.36510801
-5.83130836,-3.35234427,7.42492867
-5.92223597,-3.29013109,7.33878708
-6.07298422,-3.5581274,7.26700211
-6.04666281,-3.88115835,6.81236649
-6.2093749,-3.25663161,6.91764975
-6.07059145,-3.10827637,7.15214682
-5.77627373,-2.98863554,7.29810905
-5.54417038,-3.00299239,7.79342318
-5.41256475,-3.23031044,7.9561348
-5.50349236,-3.19441795,8.12123966
-5.54417038,-3.53659201,8.01117039
-5.79302359,-3.40259409,8.09013271
-5.5154562,-3.41216493,7.53739166
-5.54417038,-3.33320189,7.42253542
-5.69970322,-3.41216493,6.82432985
-7.20718098,-3.23270369,6.76211691
